#
# There is insufficient memory for the Java Runtime Environment to continue.
# Native memory allocation (malloc) failed to allocate 1167376 bytes. Error detail: Chunk::new
# Possible reasons:
#   The system is out of physical RAM or swap space
#   This process is running with CompressedOops enabled, and the Java Heap may be blocking the growth of the native heap
# Possible solutions:
#   Reduce memory load on the system
#   Increase physical memory or swap space
#   Check if swap backing store is full
#   Decrease Java heap size (-Xmx/-Xms)
#   Decrease number of Java threads
#   Decrease Java thread stack sizes (-Xss)
#   Set larger code cache with -XX:ReservedCodeCacheSize=
#   JVM is running with Unscaled Compressed Oops mode in which the Java heap is
#     placed in the first 4GB address space. The Java Heap base address is the
#     maximum limit for the native heap growth. Please use -XX:HeapBaseMinAddress
#     to set the Java Heap base and to place the Java Heap above 4GB virtual address.
# This output file may be truncated or incomplete.
#
#  Out of Memory Error (arena.cpp:168), pid=10468, tid=9240
#
# JRE version: OpenJDK Runtime Environment (21.0.10) (build 21.0.10+-14961533-b1163.108)
# Java VM: OpenJDK 64-Bit Server VM (21.0.10+-14961533-b1163.108, mixed mode, tiered, compressed oops, compressed class ptrs, g1 gc, windows-amd64)
# No core dump will be written. Minidumps are not enabled by default on client versions of Windows
#

---------------  S U M M A R Y ------------

Command Line: --add-opens=java.base/java.lang=ALL-UNNAMED --add-opens=java.base/java.lang.invoke=ALL-UNNAMED --add-opens=java.base/java.util=ALL-UNNAMED --add-opens=java.prefs/java.util.prefs=ALL-UNNAMED --add-exports=jdk.compiler/com.sun.tools.javac.api=ALL-UNNAMED --add-exports=jdk.compiler/com.sun.tools.javac.util=ALL-UNNAMED --add-opens=java.base/java.util=ALL-UNNAMED --add-opens=java.prefs/java.util.prefs=ALL-UNNAMED --add-opens=java.base/java.nio.charset=ALL-UNNAMED --add-opens=java.base/java.net=ALL-UNNAMED --add-opens=java.base/java.util.concurrent=ALL-UNNAMED --add-opens=java.base/java.util.concurrent.atomic=ALL-UNNAMED --add-opens=java.xml/javax.xml.namespace=ALL-UNNAMED --add-opens=java.base/java.time=ALL-UNNAMED -Xmx2048m -Dfile.encoding=UTF-8 -Duser.country=ID -Duser.language=en -Duser.variant -javaagent:C:\Users\Asus\.gradle\wrapper\dists\gradle-9.4.1-bin\arn2x92ynaizyzdaamcbpbhtj\gradle-9.4.1\lib\agents\gradle-instrumentation-agent-9.4.1.jar org.gradle.launcher.daemon.bootstrap.GradleDaemon 9.4.1

Host: 12th Gen Intel(R) Core(TM) i7-1255U, 12 cores, 15G,  Windows 11 , 64 bit Build 26100 (10.0.26100.8328)
Time: Thu Jun  4 01:29:06 2026 SE Asia Standard Time elapsed time: 1533.821938 seconds (0d 0h 25m 33s)

---------------  T H R E A D  ---------------

Current thread (0x0000018051a00b40):  JavaThread "C2 CompilerThread2" daemon [_thread_in_native, id=9240, stack(0x00000007eba00000,0x00000007ebb00000) (1024K)]


Current CompileTask:
C2:1533822 19674       4       java.lang.invoke.MethodType::methodType (69 bytes)

Stack: [0x00000007eba00000,0x00000007ebb00000]
Native frames: (J=compiled Java code, j=interpreted, Vv=VM code, C=native code)
V  [jvm.dll+0x6d78a9]
V  [jvm.dll+0x8665b3]
V  [jvm.dll+0x868bde]
V  [jvm.dll+0x8692c3]
V  [jvm.dll+0x280ee6]
V  [jvm.dll+0xc07cd]
V  [jvm.dll+0xc0d03]
V  [jvm.dll+0x3ba091]
V  [jvm.dll+0x1dfe64]
V  [jvm.dll+0x249d24]
V  [jvm.dll+0x2491a1]
V  [jvm.dll+0x1c76e4]
V  [jvm.dll+0x25891e]
V  [jvm.dll+0x256e66]
V  [jvm.dll+0x3f513e]
V  [jvm.dll+0x80fd28]
V  [jvm.dll+0x6d60fd]
C  [ucrtbase.dll+0x37b0]
C  [KERNEL32.DLL+0x2e957]
C  [ntdll.dll+0x427c]


---------------  P R O C E S S  ---------------

Threads class SMR info:
_java_thread_list=0x000001805971b1a0, length=89, elements={
0x000001802cd45f40, 0x0000018046c95680, 0x0000018046caaab0, 0x0000018046cccb60,
0x0000018046c968f0, 0x0000018046c96f60, 0x0000018046cf6ad0, 0x0000018046cf80a0,
0x0000018046cf9b10, 0x0000018046cfa1c0, 0x00000180470f3f70, 0x000001804e61feb0,
0x000001804c6d79c0, 0x000001804e46d1e0, 0x000001804d5b4f20, 0x000001804d5b55b0,
0x000001804d5b4200, 0x000001804e7c64a0, 0x000001804e7c8c00, 0x000001804e7c9290,
0x000001804e7cc080, 0x000001804e7cc710, 0x000001804e7cd430, 0x000001804ef67b00,
0x000001804ef69540, 0x000001804ef68820, 0x000001804ef6a8f0, 0x000001804ef69bd0,
0x000001804dc0f010, 0x00000180526c9890, 0x000001804ef660c0, 0x000001804ef63ff0,
0x000001804ef64680, 0x000001804ef66750, 0x000001804ef653a0, 0x000001804ef65a30,
0x000001804ef63960, 0x000001804ef632d0, 0x000001804ef66de0, 0x000001804ef67470,
0x000001805890eff0, 0x000001805890e2d0, 0x000001805890e960, 0x000001805890fd10,
0x00000180589103a0, 0x000001805890cf20, 0x0000018058910a30, 0x000001805890d5b0,
0x0000018058912b00, 0x00000180589110c0, 0x0000018058914540, 0x0000018058913820,
0x0000018058913eb0, 0x0000018058911750, 0x0000018058912470, 0x0000018058913190,
0x000001804f7de3e0, 0x000001804f7e1ef0, 0x000001804f7e2580, 0x000001804f7df100,
0x000001804f7e2c10, 0x000001804f7dfe20, 0x000001804f7df790, 0x000001804f7e32a0,
0x000001804f7e3930, 0x000001804f7e04b0, 0x000001804f7e3fc0, 0x000001804f7e0b40,
0x000001804f7e4ce0, 0x00000180526c7130, 0x00000180526c9200, 0x00000180526c6aa0,
0x0000018050cc5d90, 0x0000018050cc6420, 0x0000018050cc49e0, 0x0000018050cc6ab0,
0x0000018050cc7140, 0x0000018050cc5070, 0x0000018050cc77d0, 0x0000018050cc4350,
0x0000018050ccb2e0, 0x0000018050cc8b80, 0x0000018050cc9210, 0x0000018050cca5c0,
0x00000180519fe930, 0x0000018051a00b40, 0x0000018058ed4430, 0x0000018058ed3080,
0x0000018058ed3da0
}

Java Threads: ( => current thread )
  0x000001802cd45f40 JavaThread "main"                              [_thread_blocked, id=19372, stack(0x00000007e6200000,0x00000007e6300000) (1024K)]
  0x0000018046c95680 JavaThread "Common-Cleaner"             daemon [_thread_blocked, id=25200, stack(0x00000007e6a00000,0x00000007e6b00000) (1024K)]
  0x0000018046caaab0 JavaThread "Reference Handler"          daemon [_thread_blocked, id=2884, stack(0x00000007e6b00000,0x00000007e6c00000) (1024K)]
  0x0000018046cccb60 JavaThread "Finalizer"                  daemon [_thread_blocked, id=4856, stack(0x00000007e6c00000,0x00000007e6d00000) (1024K)]
  0x0000018046c968f0 JavaThread "Signal Dispatcher"          daemon [_thread_blocked, id=14880, stack(0x00000007e6d00000,0x00000007e6e00000) (1024K)]
  0x0000018046c96f60 JavaThread "Attach Listener"            daemon [_thread_blocked, id=21972, stack(0x00000007e6e00000,0x00000007e6f00000) (1024K)]
  0x0000018046cf6ad0 JavaThread "Service Thread"             daemon [_thread_blocked, id=14068, stack(0x00000007e6f00000,0x00000007e7000000) (1024K)]
  0x0000018046cf80a0 JavaThread "Monitor Deflation Thread"   daemon [_thread_blocked, id=20216, stack(0x00000007e7000000,0x00000007e7100000) (1024K)]
  0x0000018046cf9b10 JavaThread "C2 CompilerThread0"         daemon [_thread_in_native, id=21624, stack(0x00000007e7100000,0x00000007e7200000) (1024K)]
  0x0000018046cfa1c0 JavaThread "C1 CompilerThread0"         daemon [_thread_blocked, id=26084, stack(0x00000007e7200000,0x00000007e7300000) (1024K)]
  0x00000180470f3f70 JavaThread "Notification Thread"        daemon [_thread_blocked, id=18292, stack(0x00000007e7300000,0x00000007e7400000) (1024K)]
  0x000001804e61feb0 JavaThread "Daemon health stats"               [_thread_blocked, id=21808, stack(0x00000007e7a00000,0x00000007e7b00000) (1024K)]
  0x000001804c6d79c0 JavaThread "Incoming local TCP Connector on port 63996"        [_thread_in_native, id=3612, stack(0x00000007e7b00000,0x00000007e7c00000) (1024K)]
  0x000001804e46d1e0 JavaThread "Daemon periodic checks"            [_thread_blocked, id=17684, stack(0x00000007e7c00000,0x00000007e7d00000) (1024K)]
  0x000001804d5b4f20 JavaThread "Cache worker for journal cache (C:\Users\Asus\.gradle\caches\journal-1)"        [_thread_blocked, id=11732, stack(0x00000007e8a00000,0x00000007e8b00000) (1024K)]
  0x000001804d5b55b0 JavaThread "File lock request listener"        [_thread_in_native, id=11920, stack(0x00000007e8b00000,0x00000007e8c00000) (1024K)]
  0x000001804d5b4200 JavaThread "Cache worker for file hash cache (C:\Users\Asus\.gradle\caches\9.4.1\fileHashes)"        [_thread_blocked, id=4908, stack(0x00000007e8c00000,0x00000007e8d00000) (1024K)]
  0x000001804e7c64a0 JavaThread "File watcher server"        daemon [_thread_in_native, id=6668, stack(0x00000007e7400000,0x00000007e7500000) (1024K)]
  0x000001804e7c8c00 JavaThread "File watcher consumer"      daemon [_thread_blocked, id=22456, stack(0x00000007e8f00000,0x00000007e9000000) (1024K)]
  0x000001804e7c9290 JavaThread "Cache worker for file content cache (C:\Users\Asus\.gradle\caches\9.4.1\fileContent)"        [_thread_blocked, id=15816, stack(0x00000007e9000000,0x00000007e9100000) (1024K)]
  0x000001804e7cc080 JavaThread "jar transforms"                    [_thread_blocked, id=25260, stack(0x00000007e9500000,0x00000007e9600000) (1024K)]
  0x000001804e7cc710 JavaThread "jar transforms Thread 2"           [_thread_blocked, id=12972, stack(0x00000007e9600000,0x00000007e9700000) (1024K)]
  0x000001804e7cd430 JavaThread "jar transforms Thread 3"           [_thread_blocked, id=14300, stack(0x00000007e9800000,0x00000007e9900000) (1024K)]
  0x000001804ef67b00 JavaThread "jar transforms Thread 4"           [_thread_blocked, id=18384, stack(0x00000007ea500000,0x00000007ea600000) (1024K)]
  0x000001804ef69540 JavaThread "jar transforms Thread 5"           [_thread_blocked, id=11040, stack(0x00000007ea400000,0x00000007ea500000) (1024K)]
  0x000001804ef68820 JavaThread "jar transforms Thread 6"           [_thread_blocked, id=25672, stack(0x00000007ea600000,0x00000007ea700000) (1024K)]
  0x000001804ef6a8f0 JavaThread "jar transforms Thread 7"           [_thread_blocked, id=22836, stack(0x00000007ea700000,0x00000007ea800000) (1024K)]
  0x000001804ef69bd0 JavaThread "jar transforms Thread 8"           [_thread_blocked, id=16252, stack(0x00000007ea800000,0x00000007ea900000) (1024K)]
  0x000001804dc0f010 JavaThread "Memory manager"                    [_thread_blocked, id=26276, stack(0x00000007e9200000,0x00000007e9300000) (1024K)]
  0x00000180526c9890 JavaThread "pool-3-thread-1"                   [_thread_blocked, id=20164, stack(0x00000007ead00000,0x00000007eae00000) (1024K)]
  0x000001804ef660c0 JavaThread "Daemon Thread 2"                   [_thread_blocked, id=25460, stack(0x00000007e5f00000,0x00000007e6000000) (1024K)]
  0x000001804ef63ff0 JavaThread "Handler for socket connection from /127.0.0.1:63996 to /127.0.0.1:50737"        [_thread_in_native, id=20776, stack(0x00000007e6000000,0x00000007e6100000) (1024K)]
  0x000001804ef64680 JavaThread "Cancel handler"                    [_thread_blocked, id=26044, stack(0x00000007e6100000,0x00000007e6200000) (1024K)]
  0x000001804ef66750 JavaThread "Daemon worker Thread 2"            [_thread_blocked, id=20556, stack(0x00000007e7d00000,0x00000007e7e00000) (1024K)]
  0x000001804ef653a0 JavaThread "Asynchronous log dispatcher for DefaultDaemonConnection: socket connection from /127.0.0.1:63996 to /127.0.0.1:50737"        [_thread_blocked, id=18004, stack(0x00000007e7e00000,0x00000007e7f00000) (1024K)]
  0x000001804ef65a30 JavaThread "Stdin handler"                     [_thread_blocked, id=2468, stack(0x00000007e7f00000,0x00000007e8000000) (1024K)]
  0x000001804ef63960 JavaThread "Daemon client event forwarder"        [_thread_blocked, id=26416, stack(0x00000007e8600000,0x00000007e8700000) (1024K)]
  0x000001804ef632d0 JavaThread "Cache worker for file hash cache (C:\Users\Asus\AndroidStudioProjects\Zenstudy2\.gradle\9.4.1\fileHashes)"        [_thread_blocked, id=1440, stack(0x00000007e8700000,0x00000007e8800000) (1024K)]
  0x000001804ef66de0 JavaThread "Cache worker for Build Output Cleanup Cache (C:\Users\Asus\AndroidStudioProjects\Zenstudy2\.gradle\buildOutputCleanup)"        [_thread_blocked, id=22016, stack(0x00000007e8800000,0x00000007e8900000) (1024K)]
  0x000001804ef67470 JavaThread "Cache worker for checksums cache (C:\Users\Asus\AndroidStudioProjects\Zenstudy2\.gradle\9.4.1\checksums)"        [_thread_blocked, id=20400, stack(0x00000007e8900000,0x00000007e8a00000) (1024K)]
  0x000001805890eff0 JavaThread "Cache worker for cache directory md-supplier (C:\Users\Asus\.gradle\caches\9.4.1\md-supplier)"        [_thread_blocked, id=2960, stack(0x00000007e8d00000,0x00000007e8e00000) (1024K)]
  0x000001805890e2d0 JavaThread "Cache worker for cache directory md-rule (C:\Users\Asus\.gradle\caches\9.4.1\md-rule)"        [_thread_blocked, id=21088, stack(0x00000007e8e00000,0x00000007e8f00000) (1024K)]
  0x000001805890e960 JavaThread "Build operations"                  [_thread_blocked, id=6840, stack(0x00000007e9100000,0x00000007e9200000) (1024K)]
  0x000001805890fd10 JavaThread "Build operations Thread 2"         [_thread_blocked, id=8912, stack(0x00000007e9300000,0x00000007e9400000) (1024K)]
  0x00000180589103a0 JavaThread "Build operations Thread 3"         [_thread_blocked, id=25708, stack(0x00000007e9400000,0x00000007e9500000) (1024K)]
  0x000001805890cf20 JavaThread "Build operations Thread 4"         [_thread_blocked, id=22716, stack(0x00000007e9700000,0x00000007e9800000) (1024K)]
  0x0000018058910a30 JavaThread "Build operations Thread 5"         [_thread_blocked, id=10836, stack(0x00000007e9900000,0x00000007e9a00000) (1024K)]
  0x000001805890d5b0 JavaThread "Build operations Thread 6"         [_thread_blocked, id=14748, stack(0x00000007e9a00000,0x00000007e9b00000) (1024K)]
  0x0000018058912b00 JavaThread "Build operations Thread 7"         [_thread_blocked, id=19040, stack(0x00000007e9b00000,0x00000007e9c00000) (1024K)]
  0x00000180589110c0 JavaThread "Build operations Thread 8"         [_thread_blocked, id=11008, stack(0x00000007e9c00000,0x00000007e9d00000) (1024K)]
  0x0000018058914540 JavaThread "Build operations Thread 9"         [_thread_blocked, id=16016, stack(0x00000007e9d00000,0x00000007e9e00000) (1024K)]
  0x0000018058913820 JavaThread "Build operations Thread 10"        [_thread_blocked, id=21260, stack(0x00000007e9e00000,0x00000007e9f00000) (1024K)]
  0x0000018058913eb0 JavaThread "Build operations Thread 11"        [_thread_blocked, id=14848, stack(0x00000007e9f00000,0x00000007ea000000) (1024K)]
  0x0000018058911750 JavaThread "Build operations Thread 12"        [_thread_blocked, id=17708, stack(0x00000007ea000000,0x00000007ea100000) (1024K)]
  0x0000018058912470 JavaThread "build event listener"              [_thread_blocked, id=4312, stack(0x00000007ea300000,0x00000007ea400000) (1024K)]
  0x0000018058913190 JavaThread "build event listener"              [_thread_blocked, id=23652, stack(0x00000007ea900000,0x00000007eaa00000) (1024K)]
  0x000001804f7de3e0 JavaThread "pool-6-thread-1"                   [_thread_blocked, id=16888, stack(0x00000007eaa00000,0x00000007eab00000) (1024K)]
  0x000001804f7e1ef0 JavaThread "build event listener"              [_thread_blocked, id=3832, stack(0x00000007eab00000,0x00000007eac00000) (1024K)]
  0x000001804f7e2580 JavaThread "included builds"                   [_thread_blocked, id=8456, stack(0x00000007eac00000,0x00000007ead00000) (1024K)]
  0x000001804f7df100 JavaThread "Execution worker"                  [_thread_blocked, id=12252, stack(0x00000007eae00000,0x00000007eaf00000) (1024K)]
  0x000001804f7e2c10 JavaThread "Execution worker Thread 2"         [_thread_blocked, id=20460, stack(0x00000007eaf00000,0x00000007eb000000) (1024K)]
  0x000001804f7dfe20 JavaThread "Execution worker Thread 3"         [_thread_blocked, id=13304, stack(0x00000007eb000000,0x00000007eb100000) (1024K)]
  0x000001804f7df790 JavaThread "Execution worker Thread 4"         [_thread_blocked, id=2472, stack(0x00000007eb100000,0x00000007eb200000) (1024K)]
  0x000001804f7e32a0 JavaThread "Execution worker Thread 5"         [_thread_blocked, id=19076, stack(0x00000007eb200000,0x00000007eb300000) (1024K)]
  0x000001804f7e3930 JavaThread "Execution worker Thread 6"         [_thread_blocked, id=14472, stack(0x00000007eb300000,0x00000007eb400000) (1024K)]
  0x000001804f7e04b0 JavaThread "Execution worker Thread 7"         [_thread_blocked, id=8412, stack(0x00000007eb400000,0x00000007eb500000) (1024K)]
  0x000001804f7e3fc0 JavaThread "Execution worker Thread 8"         [_thread_blocked, id=23104, stack(0x00000007eb500000,0x00000007eb600000) (1024K)]
  0x000001804f7e0b40 JavaThread "Execution worker Thread 9"         [_thread_blocked, id=9308, stack(0x00000007eb600000,0x00000007eb700000) (1024K)]
  0x000001804f7e4ce0 JavaThread "Execution worker Thread 10"        [_thread_blocked, id=17952, stack(0x00000007eb700000,0x00000007eb800000) (1024K)]
  0x00000180526c7130 JavaThread "Execution worker Thread 11"        [_thread_blocked, id=15856, stack(0x00000007eb800000,0x00000007eb900000) (1024K)]
  0x00000180526c9200 JavaThread "Cache worker for execution history cache (C:\Users\Asus\AndroidStudioProjects\Zenstudy2\.gradle\9.4.1\executionHistory)"        [_thread_blocked, id=17176, stack(0x00000007eb900000,0x00000007eba00000) (1024K)]
  0x00000180526c6aa0 JavaThread "WorkerExecutor Queue"              [_thread_blocked, id=20412, stack(0x00000007ebb00000,0x00000007ebc00000) (1024K)]
  0x0000018050cc5d90 JavaThread "WorkerExecutor Queue Thread 2"        [_thread_blocked, id=7344, stack(0x00000007ebc00000,0x00000007ebd00000) (1024K)]
  0x0000018050cc6420 JavaThread "WorkerExecutor Queue Thread 3"        [_thread_blocked, id=25792, stack(0x00000007ebd00000,0x00000007ebe00000) (1024K)]
  0x0000018050cc49e0 JavaThread "WorkerExecutor Queue Thread 4"        [_thread_blocked, id=12468, stack(0x00000007ebe00000,0x00000007ebf00000) (1024K)]
  0x0000018050cc6ab0 JavaThread "WorkerExecutor Queue Thread 5"        [_thread_blocked, id=25612, stack(0x00000007ebf00000,0x00000007ec000000) (1024K)]
  0x0000018050cc7140 JavaThread "WorkerExecutor Queue Thread 6"        [_thread_blocked, id=25740, stack(0x00000007ec000000,0x00000007ec100000) (1024K)]
  0x0000018050cc5070 JavaThread "WorkerExecutor Queue Thread 7"        [_thread_blocked, id=23696, stack(0x00000007ec100000,0x00000007ec200000) (1024K)]
  0x0000018050cc77d0 JavaThread "WorkerExecutor Queue Thread 8"        [_thread_blocked, id=3412, stack(0x00000007ec200000,0x00000007ec300000) (1024K)]
  0x0000018050cc4350 JavaThread "WorkerExecutor Queue Thread 9"        [_thread_blocked, id=5940, stack(0x00000007ec300000,0x00000007ec400000) (1024K)]
  0x0000018050ccb2e0 JavaThread "WorkerExecutor Queue Thread 10"        [_thread_blocked, id=17532, stack(0x00000007ec400000,0x00000007ec500000) (1024K)]
  0x0000018050cc8b80 JavaThread "WorkerExecutor Queue Thread 11"        [_thread_blocked, id=14944, stack(0x00000007ec500000,0x00000007ec600000) (1024K)]
  0x0000018050cc9210 JavaThread "WorkerExecutor Queue Thread 12"        [_thread_blocked, id=192, stack(0x00000007ec600000,0x00000007ec700000) (1024K)]
  0x0000018050cca5c0 JavaThread "pool-7-thread-1"                   [_thread_blocked, id=14240, stack(0x00000007ec700000,0x00000007ec800000) (1024K)]
  0x00000180519fe930 JavaThread "C2 CompilerThread1"         daemon [_thread_in_native, id=7512, stack(0x00000007ea100000,0x00000007ea200000) (1024K)]
=>0x0000018051a00b40 JavaThread "C2 CompilerThread2"         daemon [_thread_in_native, id=9240, stack(0x00000007eba00000,0x00000007ebb00000) (1024K)]
  0x0000018058ed4430 JavaThread "stderr"                            [_thread_in_native, id=23224, stack(0x00000007ec800000,0x00000007ec900000) (1024K)]
  0x0000018058ed3080 JavaThread "stdout"                            [_thread_in_native, id=20660, stack(0x00000007ec900000,0x00000007eca00000) (1024K)]
  0x0000018058ed3da0 JavaThread "Thread-107"                        [_thread_in_native, id=21376, stack(0x00000007eca00000,0x00000007ecb00000) (1024K)]
Total: 89

Other Threads:
  0x0000018046c4bd90 VMThread "VM Thread"                           [id=15976, stack(0x00000007e6900000,0x00000007e6a00000) (1024K)]
  0x0000018046bf19e0 WatcherThread "VM Periodic Task Thread"        [id=9712, stack(0x00000007e6800000,0x00000007e6900000) (1024K)]
  0x000001802cfa3460 WorkerThread "GC Thread#0"                     [id=1716, stack(0x00000007e6300000,0x00000007e6400000) (1024K)]
  0x000001804c77ec00 WorkerThread "GC Thread#1"                     [id=21444, stack(0x00000007e7500000,0x00000007e7600000) (1024K)]
  0x000001804c5dad40 WorkerThread "GC Thread#2"                     [id=18844, stack(0x00000007e7600000,0x00000007e7700000) (1024K)]
  0x000001804c5db0f0 WorkerThread "GC Thread#3"                     [id=2692, stack(0x00000007e7700000,0x00000007e7800000) (1024K)]
  0x000001804c47b840 WorkerThread "GC Thread#4"                     [id=25908, stack(0x00000007e7800000,0x00000007e7900000) (1024K)]
  0x00000180478a2020 WorkerThread "GC Thread#5"                     [id=19164, stack(0x00000007e7900000,0x00000007e7a00000) (1024K)]
  0x000001804da6f540 WorkerThread "GC Thread#6"                     [id=25652, stack(0x00000007e8000000,0x00000007e8100000) (1024K)]
  0x000001804da71a20 WorkerThread "GC Thread#7"                     [id=16720, stack(0x00000007e8100000,0x00000007e8200000) (1024K)]
  0x000001804da71dd0 WorkerThread "GC Thread#8"                     [id=19492, stack(0x00000007e8200000,0x00000007e8300000) (1024K)]
  0x000001804da73040 WorkerThread "GC Thread#9"                     [id=22360, stack(0x00000007e8300000,0x00000007e8400000) (1024K)]
  0x000001802cfb4360 ConcurrentGCThread "G1 Main Marker"            [id=21280, stack(0x00000007e6400000,0x00000007e6500000) (1024K)]
  0x000001802cfb5d90 WorkerThread "G1 Conc#0"                       [id=12356, stack(0x00000007e6500000,0x00000007e6600000) (1024K)]
  0x000001804da712c0 WorkerThread "G1 Conc#1"                       [id=8380, stack(0x00000007e8400000,0x00000007e8500000) (1024K)]
  0x000001804da6f8f0 WorkerThread "G1 Conc#2"                       [id=10972, stack(0x00000007e8500000,0x00000007e8600000) (1024K)]
  0x0000018046a889e0 ConcurrentGCThread "G1 Refine#0"               [id=15192, stack(0x00000007e6600000,0x00000007e6700000) (1024K)]
  0x0000018046a89210 ConcurrentGCThread "G1 Service"                [id=20020, stack(0x00000007e6700000,0x00000007e6800000) (1024K)]
Total: 18

Threads with active compile tasks:
C2 CompilerThread0  1533906 19567       4       java.lang.invoke.DirectMethodHandle::make (275 bytes)
C2 CompilerThread1  1533907 19648       4       org.gradle.api.internal.artifacts.transform.AttributeMatchingArtifactVariantSelector::doSelect (180 bytes)
C2 CompilerThread2  1533907 19674       4       java.lang.invoke.MethodType::methodType (69 bytes)
Total: 3

VM state: not at safepoint (normal execution)

VM Mutex/Monitor currently owned by a thread: None

Heap address: 0x0000000080000000, size: 2048 MB, Compressed Oops mode: 32-bit

CDS archive(s) not mapped
Compressed class space mapped at: 0x0000000100000000-0x0000000140000000, reserved size: 1073741824
Narrow klass base: 0x0000000000000000, Narrow klass shift: 3, Narrow klass range: 0x140000000

GC Precious Log:
 CardTable entry size: 512
 Card Set container configuration: InlinePtr #cards 5 size 8 Array Of Cards #cards 12 size 40 Howl #buckets 4 coarsen threshold 1843 Howl Bitmap #cards 512 size 80 coarsen threshold 460 Card regions per heap region 1 cards per card region 2048
 CPUs: 12 total, 12 available
 Memory: 16069M
 Large Page Support: Disabled
 NUMA Support: Disabled
 Compressed Oops: Enabled (32-bit)
 Heap Region Size: 1M
 Heap Min Capacity: 8M
 Heap Initial Capacity: 252M
 Heap Max Capacity: 2G
 Pre-touch: Disabled
 Parallel Workers: 10
 Concurrent Workers: 3
 Concurrent Refinement Workers: 10
 Periodic GC: Disabled

Heap:
 garbage-first heap   total 336896K, used 213923K [0x0000000080000000, 0x0000000100000000)
  region size 1024K, 15 young (15360K), 6 survivors (6144K)
 Metaspace       used 146916K, committed 149440K, reserved 1179648K
  class space    used 19779K, committed 21056K, reserved 1048576K

Heap Regions: E=young(eden), S=young(survivor), O=old, HS=humongous(starts), HC=humongous(continues), CS=collection set, F=free, TAMS=top-at-mark-start, PB=parsable bottom
|   0|0x0000000080000000, 0x0000000080100000, 0x0000000080100000|100%|HS|  |TAMS 0x0000000080000000| PB 0x0000000080000000| Complete 
|   1|0x0000000080100000, 0x0000000080200000, 0x0000000080200000|100%|HC|  |TAMS 0x0000000080100000| PB 0x0000000080100000| Complete 
|   2|0x0000000080200000, 0x0000000080300000, 0x0000000080300000|100%|HC|  |TAMS 0x0000000080200000| PB 0x0000000080200000| Complete 
|   3|0x0000000080300000, 0x0000000080400000, 0x0000000080400000|100%|HC|  |TAMS 0x0000000080300000| PB 0x0000000080300000| Complete 
|   4|0x0000000080400000, 0x0000000080500000, 0x0000000080500000|100%| O|  |TAMS 0x0000000080400000| PB 0x0000000080400000| Untracked 
|   5|0x0000000080500000, 0x0000000080600000, 0x0000000080600000|100%| O|  |TAMS 0x0000000080500000| PB 0x0000000080500000| Untracked 
|   6|0x0000000080600000, 0x0000000080700000, 0x0000000080700000|100%| O|  |TAMS 0x0000000080600000| PB 0x0000000080600000| Untracked 
|   7|0x0000000080700000, 0x0000000080800000, 0x0000000080800000|100%| O|  |TAMS 0x0000000080700000| PB 0x0000000080700000| Untracked 
|   8|0x0000000080800000, 0x0000000080900000, 0x0000000080900000|100%| O|  |TAMS 0x0000000080800000| PB 0x0000000080800000| Untracked 
|   9|0x0000000080900000, 0x0000000080a00000, 0x0000000080a00000|100%| O|  |TAMS 0x0000000080900000| PB 0x0000000080900000| Untracked 
|  10|0x0000000080a00000, 0x0000000080b00000, 0x0000000080b00000|100%| O|  |TAMS 0x0000000080a00000| PB 0x0000000080a00000| Untracked 
|  11|0x0000000080b00000, 0x0000000080c00000, 0x0000000080c00000|100%|HS|  |TAMS 0x0000000080b00000| PB 0x0000000080b00000| Complete 
|  12|0x0000000080c00000, 0x0000000080d00000, 0x0000000080d00000|100%| O|  |TAMS 0x0000000080c00000| PB 0x0000000080c00000| Untracked 
|  13|0x0000000080d00000, 0x0000000080e00000, 0x0000000080e00000|100%| O|  |TAMS 0x0000000080d00000| PB 0x0000000080d00000| Untracked 
|  14|0x0000000080e00000, 0x0000000080f00000, 0x0000000080f00000|100%| O|  |TAMS 0x0000000080e00000| PB 0x0000000080e00000| Untracked 
|  15|0x0000000080f00000, 0x0000000081000000, 0x0000000081000000|100%| O|  |TAMS 0x0000000080f00000| PB 0x0000000080f00000| Untracked 
|  16|0x0000000081000000, 0x0000000081100000, 0x0000000081100000|100%| O|  |TAMS 0x0000000081000000| PB 0x0000000081000000| Untracked 
|  17|0x0000000081100000, 0x0000000081200000, 0x0000000081200000|100%| O|  |TAMS 0x0000000081100000| PB 0x0000000081100000| Untracked 
|  18|0x0000000081200000, 0x0000000081300000, 0x0000000081300000|100%| O|  |TAMS 0x0000000081200000| PB 0x0000000081200000| Untracked 
|  19|0x0000000081300000, 0x0000000081400000, 0x0000000081400000|100%| O|  |TAMS 0x0000000081300000| PB 0x0000000081300000| Untracked 
|  20|0x0000000081400000, 0x0000000081500000, 0x0000000081500000|100%| O|  |TAMS 0x0000000081400000| PB 0x0000000081400000| Untracked 
|  21|0x0000000081500000, 0x0000000081600000, 0x0000000081600000|100%| O|  |TAMS 0x0000000081500000| PB 0x0000000081500000| Untracked 
|  22|0x0000000081600000, 0x0000000081700000, 0x0000000081700000|100%| O|  |TAMS 0x0000000081600000| PB 0x0000000081600000| Untracked 
|  23|0x0000000081700000, 0x0000000081800000, 0x0000000081800000|100%| O|  |TAMS 0x0000000081700000| PB 0x0000000081700000| Untracked 
|  24|0x0000000081800000, 0x0000000081900000, 0x0000000081900000|100%| O|  |TAMS 0x0000000081800000| PB 0x0000000081800000| Untracked 
|  25|0x0000000081900000, 0x0000000081a00000, 0x0000000081a00000|100%| O|  |TAMS 0x0000000081900000| PB 0x0000000081900000| Untracked 
|  26|0x0000000081a00000, 0x0000000081b00000, 0x0000000081b00000|100%| O|  |TAMS 0x0000000081a00000| PB 0x0000000081a00000| Untracked 
|  27|0x0000000081b00000, 0x0000000081c00000, 0x0000000081c00000|100%| O|  |TAMS 0x0000000081b00000| PB 0x0000000081b00000| Untracked 
|  28|0x0000000081c00000, 0x0000000081d00000, 0x0000000081d00000|100%| O|  |TAMS 0x0000000081c00000| PB 0x0000000081c00000| Untracked 
|  29|0x0000000081d00000, 0x0000000081e00000, 0x0000000081e00000|100%|HS|  |TAMS 0x0000000081d00000| PB 0x0000000081d00000| Complete 
|  30|0x0000000081e00000, 0x0000000081f00000, 0x0000000081f00000|100%|HC|  |TAMS 0x0000000081e00000| PB 0x0000000081e00000| Complete 
|  31|0x0000000081f00000, 0x0000000082000000, 0x0000000082000000|100%| O|  |TAMS 0x0000000081f00000| PB 0x0000000081f00000| Untracked 
|  32|0x0000000082000000, 0x0000000082100000, 0x0000000082100000|100%| O|  |TAMS 0x0000000082000000| PB 0x0000000082000000| Untracked 
|  33|0x0000000082100000, 0x0000000082200000, 0x0000000082200000|100%| O|  |TAMS 0x0000000082100000| PB 0x0000000082100000| Untracked 
|  34|0x0000000082200000, 0x0000000082300000, 0x0000000082300000|100%| O|  |TAMS 0x0000000082200000| PB 0x0000000082200000| Untracked 
|  35|0x0000000082300000, 0x0000000082400000, 0x0000000082400000|100%| O|  |TAMS 0x0000000082300000| PB 0x0000000082300000| Untracked 
|  36|0x0000000082400000, 0x0000000082500000, 0x0000000082500000|100%| O|  |TAMS 0x0000000082400000| PB 0x0000000082400000| Untracked 
|  37|0x0000000082500000, 0x0000000082600000, 0x0000000082600000|100%| O|  |TAMS 0x0000000082500000| PB 0x0000000082500000| Untracked 
|  38|0x0000000082600000, 0x0000000082700000, 0x0000000082700000|100%| O|  |TAMS 0x0000000082600000| PB 0x0000000082600000| Untracked 
|  39|0x0000000082700000, 0x0000000082800000, 0x0000000082800000|100%| O|  |TAMS 0x0000000082700000| PB 0x0000000082700000| Untracked 
|  40|0x0000000082800000, 0x0000000082900000, 0x0000000082900000|100%|HS|  |TAMS 0x0000000082800000| PB 0x0000000082800000| Complete 
|  41|0x0000000082900000, 0x0000000082a00000, 0x0000000082a00000|100%|HC|  |TAMS 0x0000000082900000| PB 0x0000000082900000| Complete 
|  42|0x0000000082a00000, 0x0000000082b00000, 0x0000000082b00000|100%| O|  |TAMS 0x0000000082a00000| PB 0x0000000082a00000| Untracked 
|  43|0x0000000082b00000, 0x0000000082c00000, 0x0000000082c00000|100%| O|  |TAMS 0x0000000082b00000| PB 0x0000000082b00000| Untracked 
|  44|0x0000000082c00000, 0x0000000082d00000, 0x0000000082d00000|100%| O|  |TAMS 0x0000000082c00000| PB 0x0000000082c00000| Untracked 
|  45|0x0000000082d00000, 0x0000000082e00000, 0x0000000082e00000|100%| O|  |TAMS 0x0000000082d00000| PB 0x0000000082d00000| Untracked 
|  46|0x0000000082e00000, 0x0000000082f00000, 0x0000000082f00000|100%|HS|  |TAMS 0x0000000082e00000| PB 0x0000000082e00000| Complete 
|  47|0x0000000082f00000, 0x0000000083000000, 0x0000000083000000|100%| O|  |TAMS 0x0000000082f00000| PB 0x0000000082f00000| Untracked 
|  48|0x0000000083000000, 0x0000000083100000, 0x0000000083100000|100%| O|  |TAMS 0x0000000083000000| PB 0x0000000083000000| Untracked 
|  49|0x0000000083100000, 0x0000000083200000, 0x0000000083200000|100%| O|Cm|TAMS 0x0000000083100000| PB 0x0000000083100000| Complete 
|  50|0x0000000083200000, 0x0000000083300000, 0x0000000083300000|100%|HS|  |TAMS 0x0000000083200000| PB 0x0000000083200000| Complete 
|  51|0x0000000083300000, 0x0000000083400000, 0x0000000083400000|100%| O|  |TAMS 0x0000000083300000| PB 0x0000000083300000| Untracked 
|  52|0x0000000083400000, 0x0000000083500000, 0x0000000083500000|100%| O|Cm|TAMS 0x0000000083400000| PB 0x0000000083400000| Complete 
|  53|0x0000000083500000, 0x0000000083600000, 0x0000000083600000|100%| O|Cm|TAMS 0x0000000083500000| PB 0x0000000083500000| Complete 
|  54|0x0000000083600000, 0x0000000083700000, 0x0000000083700000|100%| O|  |TAMS 0x0000000083600000| PB 0x0000000083600000| Untracked 
|  55|0x0000000083700000, 0x0000000083800000, 0x0000000083800000|100%|HS|  |TAMS 0x0000000083700000| PB 0x0000000083700000| Complete 
|  56|0x0000000083800000, 0x0000000083900000, 0x0000000083900000|100%| O|  |TAMS 0x0000000083800000| PB 0x0000000083800000| Untracked 
|  57|0x0000000083900000, 0x0000000083a00000, 0x0000000083a00000|100%| O|  |TAMS 0x0000000083900000| PB 0x0000000083900000| Untracked 
|  58|0x0000000083a00000, 0x0000000083b00000, 0x0000000083b00000|100%| O|  |TAMS 0x0000000083a00000| PB 0x0000000083a00000| Untracked 
|  59|0x0000000083b00000, 0x0000000083c00000, 0x0000000083c00000|100%| O|  |TAMS 0x0000000083b00000| PB 0x0000000083b00000| Untracked 
|  60|0x0000000083c00000, 0x0000000083d00000, 0x0000000083d00000|100%| O|  |TAMS 0x0000000083c00000| PB 0x0000000083c00000| Untracked 
|  61|0x0000000083d00000, 0x0000000083e00000, 0x0000000083e00000|100%|HS|  |TAMS 0x0000000083d00000| PB 0x0000000083d00000| Complete 
|  62|0x0000000083e00000, 0x0000000083f00000, 0x0000000083f00000|100%|HC|  |TAMS 0x0000000083e00000| PB 0x0000000083e00000| Complete 
|  63|0x0000000083f00000, 0x0000000084000000, 0x0000000084000000|100%|HS|  |TAMS 0x0000000083f00000| PB 0x0000000083f00000| Complete 
|  64|0x0000000084000000, 0x0000000084100000, 0x0000000084100000|100%| O|  |TAMS 0x0000000084000000| PB 0x0000000084000000| Untracked 
|  65|0x0000000084100000, 0x0000000084200000, 0x0000000084200000|100%|HS|  |TAMS 0x0000000084100000| PB 0x0000000084100000| Complete 
|  66|0x0000000084200000, 0x0000000084300000, 0x0000000084300000|100%|HS|  |TAMS 0x0000000084200000| PB 0x0000000084200000| Complete 
|  67|0x0000000084300000, 0x0000000084400000, 0x0000000084400000|100%| O|  |TAMS 0x0000000084300000| PB 0x0000000084300000| Untracked 
|  68|0x0000000084400000, 0x0000000084500000, 0x0000000084500000|100%| O|  |TAMS 0x0000000084400000| PB 0x0000000084400000| Untracked 
|  69|0x0000000084500000, 0x0000000084600000, 0x0000000084600000|100%| O|Cm|TAMS 0x0000000084500000| PB 0x0000000084500000| Complete 
|  70|0x0000000084600000, 0x0000000084700000, 0x0000000084700000|100%| O|  |TAMS 0x0000000084600000| PB 0x0000000084600000| Untracked 
|  71|0x0000000084700000, 0x0000000084800000, 0x0000000084800000|100%|HS|  |TAMS 0x0000000084700000| PB 0x0000000084700000| Complete 
|  72|0x0000000084800000, 0x0000000084900000, 0x0000000084900000|100%| O|  |TAMS 0x0000000084800000| PB 0x0000000084800000| Untracked 
|  73|0x0000000084900000, 0x0000000084a00000, 0x0000000084a00000|100%| O|  |TAMS 0x0000000084900000| PB 0x0000000084900000| Untracked 
|  74|0x0000000084a00000, 0x0000000084b00000, 0x0000000084b00000|100%| O|  |TAMS 0x0000000084a00000| PB 0x0000000084a00000| Untracked 
|  75|0x0000000084b00000, 0x0000000084c00000, 0x0000000084c00000|100%| O|  |TAMS 0x0000000084b00000| PB 0x0000000084b00000| Untracked 
|  76|0x0000000084c00000, 0x0000000084d00000, 0x0000000084d00000|100%| O|  |TAMS 0x0000000084c00000| PB 0x0000000084c00000| Untracked 
|  77|0x0000000084d00000, 0x0000000084e00000, 0x0000000084e00000|100%| O|  |TAMS 0x0000000084d00000| PB 0x0000000084d00000| Untracked 
|  78|0x0000000084e00000, 0x0000000084f00000, 0x0000000084f00000|100%| O|  |TAMS 0x0000000084e00000| PB 0x0000000084e00000| Untracked 
|  79|0x0000000084f00000, 0x0000000085000000, 0x0000000085000000|100%| O|  |TAMS 0x0000000084f00000| PB 0x0000000084f00000| Untracked 
|  80|0x0000000085000000, 0x0000000085100000, 0x0000000085100000|100%| O|  |TAMS 0x0000000085000000| PB 0x0000000085000000| Untracked 
|  81|0x0000000085100000, 0x0000000085200000, 0x0000000085200000|100%| O|  |TAMS 0x0000000085100000| PB 0x0000000085100000| Untracked 
|  82|0x0000000085200000, 0x0000000085300000, 0x0000000085300000|100%| O|  |TAMS 0x0000000085200000| PB 0x0000000085200000| Untracked 
|  83|0x0000000085300000, 0x0000000085400000, 0x0000000085400000|100%| O|  |TAMS 0x0000000085300000| PB 0x0000000085300000| Untracked 
|  84|0x0000000085400000, 0x0000000085500000, 0x0000000085500000|100%| O|  |TAMS 0x0000000085400000| PB 0x0000000085400000| Untracked 
|  85|0x0000000085500000, 0x0000000085600000, 0x0000000085600000|100%| O|  |TAMS 0x0000000085500000| PB 0x0000000085500000| Untracked 
|  86|0x0000000085600000, 0x0000000085700000, 0x0000000085700000|100%| O|  |TAMS 0x0000000085600000| PB 0x0000000085600000| Untracked 
|  87|0x0000000085700000, 0x0000000085800000, 0x0000000085800000|100%| O|  |TAMS 0x0000000085700000| PB 0x0000000085700000| Untracked 
|  88|0x0000000085800000, 0x0000000085900000, 0x0000000085900000|100%| O|  |TAMS 0x0000000085800000| PB 0x0000000085800000| Untracked 
|  89|0x0000000085900000, 0x0000000085a00000, 0x0000000085a00000|100%| O|  |TAMS 0x0000000085900000| PB 0x0000000085900000| Untracked 
|  90|0x0000000085a00000, 0x0000000085b00000, 0x0000000085b00000|100%| O|  |TAMS 0x0000000085a00000| PB 0x0000000085a00000| Untracked 
|  91|0x0000000085b00000, 0x0000000085c00000, 0x0000000085c00000|100%| O|  |TAMS 0x0000000085b00000| PB 0x0000000085b00000| Untracked 
|  92|0x0000000085c00000, 0x0000000085d00000, 0x0000000085d00000|100%| O|  |TAMS 0x0000000085c00000| PB 0x0000000085c00000| Untracked 
|  93|0x0000000085d00000, 0x0000000085e00000, 0x0000000085e00000|100%| O|Cm|TAMS 0x0000000085d00000| PB 0x0000000085d00000| Complete 
|  94|0x0000000085e00000, 0x0000000085f00000, 0x0000000085f00000|100%| O|Cm|TAMS 0x0000000085e00000| PB 0x0000000085e00000| Complete 
|  95|0x0000000085f00000, 0x0000000086000000, 0x0000000086000000|100%| O|Cm|TAMS 0x0000000085f00000| PB 0x0000000085f00000| Complete 
|  96|0x0000000086000000, 0x0000000086100000, 0x0000000086100000|100%| O|Cm|TAMS 0x0000000086000000| PB 0x0000000086000000| Complete 
|  97|0x0000000086100000, 0x0000000086200000, 0x0000000086200000|100%| O|Cm|TAMS 0x0000000086100000| PB 0x0000000086100000| Complete 
|  98|0x0000000086200000, 0x0000000086300000, 0x0000000086300000|100%| O|  |TAMS 0x0000000086200000| PB 0x0000000086200000| Untracked 
|  99|0x0000000086300000, 0x0000000086400000, 0x0000000086400000|100%| O|  |TAMS 0x0000000086300000| PB 0x0000000086300000| Untracked 
| 100|0x0000000086400000, 0x0000000086500000, 0x0000000086500000|100%| O|  |TAMS 0x0000000086400000| PB 0x0000000086400000| Untracked 
| 101|0x0000000086500000, 0x0000000086600000, 0x0000000086600000|100%| O|  |TAMS 0x0000000086500000| PB 0x0000000086500000| Untracked 
| 102|0x0000000086600000, 0x0000000086700000, 0x0000000086700000|100%| O|  |TAMS 0x0000000086600000| PB 0x0000000086600000| Untracked 
| 103|0x0000000086700000, 0x0000000086800000, 0x0000000086800000|100%| O|  |TAMS 0x0000000086700000| PB 0x0000000086700000| Untracked 
| 104|0x0000000086800000, 0x0000000086900000, 0x0000000086900000|100%| O|  |TAMS 0x0000000086800000| PB 0x0000000086800000| Untracked 
| 105|0x0000000086900000, 0x0000000086a00000, 0x0000000086a00000|100%| O|  |TAMS 0x0000000086900000| PB 0x0000000086900000| Untracked 
| 106|0x0000000086a00000, 0x0000000086b00000, 0x0000000086b00000|100%| O|  |TAMS 0x0000000086a00000| PB 0x0000000086a00000| Untracked 
| 107|0x0000000086b00000, 0x0000000086c00000, 0x0000000086c00000|100%| O|  |TAMS 0x0000000086b00000| PB 0x0000000086b00000| Untracked 
| 108|0x0000000086c00000, 0x0000000086d00000, 0x0000000086d00000|100%| O|  |TAMS 0x0000000086c00000| PB 0x0000000086c00000| Untracked 
| 109|0x0000000086d00000, 0x0000000086e00000, 0x0000000086e00000|100%| O|Cm|TAMS 0x0000000086d00000| PB 0x0000000086d00000| Complete 
| 110|0x0000000086e00000, 0x0000000086f00000, 0x0000000086f00000|100%| O|Cm|TAMS 0x0000000086e00000| PB 0x0000000086e00000| Complete 
| 111|0x0000000086f00000, 0x0000000087000000, 0x0000000087000000|100%| O|Cm|TAMS 0x0000000086f00000| PB 0x0000000086f00000| Complete 
| 112|0x0000000087000000, 0x0000000087100000, 0x0000000087100000|100%| O|  |TAMS 0x0000000087000000| PB 0x0000000087000000| Untracked 
| 113|0x0000000087100000, 0x0000000087200000, 0x0000000087200000|100%| O|  |TAMS 0x0000000087100000| PB 0x0000000087100000| Untracked 
| 114|0x0000000087200000, 0x0000000087300000, 0x0000000087300000|100%| O|  |TAMS 0x0000000087200000| PB 0x0000000087200000| Untracked 
| 115|0x0000000087300000, 0x0000000087400000, 0x0000000087400000|100%| O|  |TAMS 0x0000000087300000| PB 0x0000000087300000| Untracked 
| 116|0x0000000087400000, 0x0000000087500000, 0x0000000087500000|100%| O|  |TAMS 0x0000000087400000| PB 0x0000000087400000| Untracked 
| 117|0x0000000087500000, 0x0000000087600000, 0x0000000087600000|100%| O|Cm|TAMS 0x0000000087500000| PB 0x0000000087500000| Complete 
| 118|0x0000000087600000, 0x0000000087700000, 0x0000000087700000|100%| O|  |TAMS 0x0000000087600000| PB 0x0000000087600000| Untracked 
| 119|0x0000000087700000, 0x0000000087800000, 0x0000000087800000|100%| O|  |TAMS 0x0000000087700000| PB 0x0000000087700000| Untracked 
| 120|0x0000000087800000, 0x0000000087900000, 0x0000000087900000|100%| O|  |TAMS 0x0000000087800000| PB 0x0000000087800000| Untracked 
| 121|0x0000000087900000, 0x0000000087a00000, 0x0000000087a00000|100%| O|  |TAMS 0x0000000087900000| PB 0x0000000087900000| Untracked 
| 122|0x0000000087a00000, 0x0000000087b00000, 0x0000000087b00000|100%| O|  |TAMS 0x0000000087a00000| PB 0x0000000087a00000| Untracked 
| 123|0x0000000087b00000, 0x0000000087c00000, 0x0000000087c00000|100%| O|  |TAMS 0x0000000087b00000| PB 0x0000000087b00000| Untracked 
| 124|0x0000000087c00000, 0x0000000087d00000, 0x0000000087d00000|100%| O|  |TAMS 0x0000000087c00000| PB 0x0000000087c00000| Untracked 
| 125|0x0000000087d00000, 0x0000000087e00000, 0x0000000087e00000|100%| O|  |TAMS 0x0000000087d00000| PB 0x0000000087d00000| Untracked 
| 126|0x0000000087e00000, 0x0000000087f00000, 0x0000000087f00000|100%| O|  |TAMS 0x0000000087e00000| PB 0x0000000087e00000| Untracked 
| 127|0x0000000087f00000, 0x0000000088000000, 0x0000000088000000|100%| O|  |TAMS 0x0000000087f00000| PB 0x0000000087f00000| Untracked 
| 128|0x0000000088000000, 0x0000000088100000, 0x0000000088100000|100%| O|  |TAMS 0x0000000088000000| PB 0x0000000088000000| Untracked 
| 129|0x0000000088100000, 0x0000000088200000, 0x0000000088200000|100%| O|  |TAMS 0x0000000088100000| PB 0x0000000088100000| Untracked 
| 130|0x0000000088200000, 0x0000000088300000, 0x0000000088300000|100%| O|Cm|TAMS 0x0000000088200000| PB 0x0000000088200000| Complete 
| 131|0x0000000088300000, 0x0000000088400000, 0x0000000088400000|100%| O|Cm|TAMS 0x0000000088300000| PB 0x0000000088300000| Complete 
| 132|0x0000000088400000, 0x0000000088500000, 0x0000000088500000|100%| O|  |TAMS 0x0000000088400000| PB 0x0000000088400000| Untracked 
| 133|0x0000000088500000, 0x0000000088600000, 0x0000000088600000|100%| O|Cm|TAMS 0x0000000088500000| PB 0x0000000088500000| Complete 
| 134|0x0000000088600000, 0x0000000088700000, 0x0000000088700000|100%| O|  |TAMS 0x0000000088600000| PB 0x0000000088600000| Untracked 
| 135|0x0000000088700000, 0x0000000088800000, 0x0000000088800000|100%| O|  |TAMS 0x0000000088700000| PB 0x0000000088700000| Untracked 
| 136|0x0000000088800000, 0x0000000088900000, 0x0000000088900000|100%| O|  |TAMS 0x0000000088800000| PB 0x0000000088800000| Untracked 
| 137|0x0000000088900000, 0x0000000088a00000, 0x0000000088a00000|100%| O|  |TAMS 0x0000000088900000| PB 0x0000000088900000| Untracked 
| 138|0x0000000088a00000, 0x0000000088b00000, 0x0000000088b00000|100%| O|  |TAMS 0x0000000088a00000| PB 0x0000000088a00000| Untracked 
| 139|0x0000000088b00000, 0x0000000088c00000, 0x0000000088c00000|100%| O|  |TAMS 0x0000000088b00000| PB 0x0000000088b00000| Untracked 
| 140|0x0000000088c00000, 0x0000000088d00000, 0x0000000088d00000|100%| O|  |TAMS 0x0000000088c00000| PB 0x0000000088c00000| Untracked 
| 141|0x0000000088d00000, 0x0000000088e00000, 0x0000000088e00000|100%| O|Cm|TAMS 0x0000000088d00000| PB 0x0000000088d00000| Complete 
| 142|0x0000000088e00000, 0x0000000088f00000, 0x0000000088f00000|100%| O|Cm|TAMS 0x0000000088e00000| PB 0x0000000088e00000| Complete 
| 143|0x0000000088f00000, 0x0000000089000000, 0x0000000089000000|100%| O|Cm|TAMS 0x0000000088f00000| PB 0x0000000088f00000| Complete 
| 144|0x0000000089000000, 0x0000000089100000, 0x0000000089100000|100%| O|Cm|TAMS 0x0000000089000000| PB 0x0000000089000000| Complete 
| 145|0x0000000089100000, 0x0000000089200000, 0x0000000089200000|100%| O|Cm|TAMS 0x0000000089100000| PB 0x0000000089100000| Complete 
| 146|0x0000000089200000, 0x0000000089300000, 0x0000000089300000|100%| O|Cm|TAMS 0x0000000089200000| PB 0x0000000089200000| Complete 
| 147|0x0000000089300000, 0x0000000089400000, 0x0000000089400000|100%| O|Cm|TAMS 0x0000000089300000| PB 0x0000000089300000| Complete 
| 148|0x0000000089400000, 0x0000000089500000, 0x0000000089500000|100%| O|Cm|TAMS 0x0000000089400000| PB 0x0000000089400000| Complete 
| 149|0x0000000089500000, 0x0000000089600000, 0x0000000089600000|100%| O|Cm|TAMS 0x0000000089500000| PB 0x0000000089500000| Complete 
| 150|0x0000000089600000, 0x0000000089700000, 0x0000000089700000|100%| O|Cm|TAMS 0x0000000089600000| PB 0x0000000089600000| Complete 
| 151|0x0000000089700000, 0x0000000089800000, 0x0000000089800000|100%| O|Cm|TAMS 0x0000000089700000| PB 0x0000000089700000| Complete 
| 152|0x0000000089800000, 0x0000000089900000, 0x0000000089900000|100%| O|  |TAMS 0x0000000089800000| PB 0x0000000089800000| Untracked 
| 153|0x0000000089900000, 0x0000000089a00000, 0x0000000089a00000|100%| O|Cm|TAMS 0x0000000089900000| PB 0x0000000089900000| Complete 
| 154|0x0000000089a00000, 0x0000000089b00000, 0x0000000089b00000|100%| O|  |TAMS 0x0000000089a00000| PB 0x0000000089a00000| Untracked 
| 155|0x0000000089b00000, 0x0000000089c00000, 0x0000000089c00000|100%| O|  |TAMS 0x0000000089b00000| PB 0x0000000089b00000| Untracked 
| 156|0x0000000089c00000, 0x0000000089d00000, 0x0000000089d00000|100%| O|Cm|TAMS 0x0000000089c00000| PB 0x0000000089c00000| Complete 
| 157|0x0000000089d00000, 0x0000000089e00000, 0x0000000089e00000|100%| O|Cm|TAMS 0x0000000089d00000| PB 0x0000000089d00000| Complete 
| 158|0x0000000089e00000, 0x0000000089f00000, 0x0000000089f00000|100%| O|Cm|TAMS 0x0000000089e00000| PB 0x0000000089e00000| Complete 
| 159|0x0000000089f00000, 0x000000008a000000, 0x000000008a000000|100%| O|  |TAMS 0x0000000089f00000| PB 0x0000000089f00000| Untracked 
| 160|0x000000008a000000, 0x000000008a100000, 0x000000008a100000|100%|HS|  |TAMS 0x000000008a000000| PB 0x000000008a000000| Complete 
| 161|0x000000008a100000, 0x000000008a200000, 0x000000008a200000|100%|HC|  |TAMS 0x000000008a100000| PB 0x000000008a100000| Complete 
| 162|0x000000008a200000, 0x000000008a300000, 0x000000008a300000|100%|HC|  |TAMS 0x000000008a200000| PB 0x000000008a200000| Complete 
| 163|0x000000008a300000, 0x000000008a300000, 0x000000008a400000|  0%| F|  |TAMS 0x000000008a300000| PB 0x000000008a300000| Untracked 
| 164|0x000000008a400000, 0x000000008a400000, 0x000000008a500000|  0%| F|  |TAMS 0x000000008a400000| PB 0x000000008a400000| Untracked 
| 165|0x000000008a500000, 0x000000008a600000, 0x000000008a600000|100%| O|  |TAMS 0x000000008a500000| PB 0x000000008a500000| Untracked 
| 166|0x000000008a600000, 0x000000008a700000, 0x000000008a700000|100%| O|  |TAMS 0x000000008a600000| PB 0x000000008a600000| Untracked 
| 167|0x000000008a700000, 0x000000008a800000, 0x000000008a800000|100%| O|  |TAMS 0x000000008a700000| PB 0x000000008a700000| Untracked 
| 168|0x000000008a800000, 0x000000008a900000, 0x000000008a900000|100%| O|  |TAMS 0x000000008a800000| PB 0x000000008a800000| Untracked 
| 169|0x000000008a900000, 0x000000008a92d990, 0x000000008aa00000| 17%| O|  |TAMS 0x000000008a900000| PB 0x000000008a900000| Untracked 
| 170|0x000000008aa00000, 0x000000008aa00000, 0x000000008ab00000|  0%| F|  |TAMS 0x000000008aa00000| PB 0x000000008aa00000| Untracked 
| 171|0x000000008ab00000, 0x000000008ab00000, 0x000000008ac00000|  0%| F|  |TAMS 0x000000008ab00000| PB 0x000000008ab00000| Untracked 
| 172|0x000000008ac00000, 0x000000008ac00000, 0x000000008ad00000|  0%| F|  |TAMS 0x000000008ac00000| PB 0x000000008ac00000| Untracked 
| 173|0x000000008ad00000, 0x000000008ad00000, 0x000000008ae00000|  0%| F|  |TAMS 0x000000008ad00000| PB 0x000000008ad00000| Untracked 
| 174|0x000000008ae00000, 0x000000008ae00000, 0x000000008af00000|  0%| F|  |TAMS 0x000000008ae00000| PB 0x000000008ae00000| Untracked 
| 175|0x000000008af00000, 0x000000008af00000, 0x000000008b000000|  0%| F|  |TAMS 0x000000008af00000| PB 0x000000008af00000| Untracked 
| 176|0x000000008b000000, 0x000000008b000000, 0x000000008b100000|  0%| F|  |TAMS 0x000000008b000000| PB 0x000000008b000000| Untracked 
| 177|0x000000008b100000, 0x000000008b100000, 0x000000008b200000|  0%| F|  |TAMS 0x000000008b100000| PB 0x000000008b100000| Untracked 
| 178|0x000000008b200000, 0x000000008b200000, 0x000000008b300000|  0%| F|  |TAMS 0x000000008b200000| PB 0x000000008b200000| Untracked 
| 179|0x000000008b300000, 0x000000008b300000, 0x000000008b400000|  0%| F|  |TAMS 0x000000008b300000| PB 0x000000008b300000| Untracked 
| 180|0x000000008b400000, 0x000000008b400000, 0x000000008b500000|  0%| F|  |TAMS 0x000000008b400000| PB 0x000000008b400000| Untracked 
| 181|0x000000008b500000, 0x000000008b500000, 0x000000008b600000|  0%| F|  |TAMS 0x000000008b500000| PB 0x000000008b500000| Untracked 
| 182|0x000000008b600000, 0x000000008b600000, 0x000000008b700000|  0%| F|  |TAMS 0x000000008b600000| PB 0x000000008b600000| Untracked 
| 183|0x000000008b700000, 0x000000008b700000, 0x000000008b800000|  0%| F|  |TAMS 0x000000008b700000| PB 0x000000008b700000| Untracked 
| 184|0x000000008b800000, 0x000000008b800000, 0x000000008b900000|  0%| F|  |TAMS 0x000000008b800000| PB 0x000000008b800000| Untracked 
| 185|0x000000008b900000, 0x000000008b900000, 0x000000008ba00000|  0%| F|  |TAMS 0x000000008b900000| PB 0x000000008b900000| Untracked 
| 186|0x000000008ba00000, 0x000000008ba00000, 0x000000008bb00000|  0%| F|  |TAMS 0x000000008ba00000| PB 0x000000008ba00000| Untracked 
| 187|0x000000008bb00000, 0x000000008bb00000, 0x000000008bc00000|  0%| F|  |TAMS 0x000000008bb00000| PB 0x000000008bb00000| Untracked 
| 188|0x000000008bc00000, 0x000000008bc00000, 0x000000008bd00000|  0%| F|  |TAMS 0x000000008bc00000| PB 0x000000008bc00000| Untracked 
| 189|0x000000008bd00000, 0x000000008bd00000, 0x000000008be00000|  0%| F|  |TAMS 0x000000008bd00000| PB 0x000000008bd00000| Untracked 
| 190|0x000000008be00000, 0x000000008be00000, 0x000000008bf00000|  0%| F|  |TAMS 0x000000008be00000| PB 0x000000008be00000| Untracked 
| 191|0x000000008bf00000, 0x000000008bf00000, 0x000000008c000000|  0%| F|  |TAMS 0x000000008bf00000| PB 0x000000008bf00000| Untracked 
| 192|0x000000008c000000, 0x000000008c000000, 0x000000008c100000|  0%| F|  |TAMS 0x000000008c000000| PB 0x000000008c000000| Untracked 
| 193|0x000000008c100000, 0x000000008c100000, 0x000000008c200000|  0%| F|  |TAMS 0x000000008c100000| PB 0x000000008c100000| Untracked 
| 194|0x000000008c200000, 0x000000008c200000, 0x000000008c300000|  0%| F|  |TAMS 0x000000008c200000| PB 0x000000008c200000| Untracked 
| 195|0x000000008c300000, 0x000000008c300000, 0x000000008c400000|  0%| F|  |TAMS 0x000000008c300000| PB 0x000000008c300000| Untracked 
| 196|0x000000008c400000, 0x000000008c400000, 0x000000008c500000|  0%| F|  |TAMS 0x000000008c400000| PB 0x000000008c400000| Untracked 
| 197|0x000000008c500000, 0x000000008c500000, 0x000000008c600000|  0%| F|  |TAMS 0x000000008c500000| PB 0x000000008c500000| Untracked 
| 198|0x000000008c600000, 0x000000008c600000, 0x000000008c700000|  0%| F|  |TAMS 0x000000008c600000| PB 0x000000008c600000| Untracked 
| 199|0x000000008c700000, 0x000000008c700000, 0x000000008c800000|  0%| F|  |TAMS 0x000000008c700000| PB 0x000000008c700000| Untracked 
| 200|0x000000008c800000, 0x000000008c800000, 0x000000008c900000|  0%| F|  |TAMS 0x000000008c800000| PB 0x000000008c800000| Untracked 
| 201|0x000000008c900000, 0x000000008c900000, 0x000000008ca00000|  0%| F|  |TAMS 0x000000008c900000| PB 0x000000008c900000| Untracked 
| 202|0x000000008ca00000, 0x000000008ca00000, 0x000000008cb00000|  0%| F|  |TAMS 0x000000008ca00000| PB 0x000000008ca00000| Untracked 
| 203|0x000000008cb00000, 0x000000008cb00000, 0x000000008cc00000|  0%| F|  |TAMS 0x000000008cb00000| PB 0x000000008cb00000| Untracked 
| 204|0x000000008cc00000, 0x000000008cc00000, 0x000000008cd00000|  0%| F|  |TAMS 0x000000008cc00000| PB 0x000000008cc00000| Untracked 
| 205|0x000000008cd00000, 0x000000008cd00000, 0x000000008ce00000|  0%| F|  |TAMS 0x000000008cd00000| PB 0x000000008cd00000| Untracked 
| 206|0x000000008ce00000, 0x000000008ce00000, 0x000000008cf00000|  0%| F|  |TAMS 0x000000008ce00000| PB 0x000000008ce00000| Untracked 
| 207|0x000000008cf00000, 0x000000008cf00000, 0x000000008d000000|  0%| F|  |TAMS 0x000000008cf00000| PB 0x000000008cf00000| Untracked 
| 208|0x000000008d000000, 0x000000008d000000, 0x000000008d100000|  0%| F|  |TAMS 0x000000008d000000| PB 0x000000008d000000| Untracked 
| 209|0x000000008d100000, 0x000000008d100000, 0x000000008d200000|  0%| F|  |TAMS 0x000000008d100000| PB 0x000000008d100000| Untracked 
| 210|0x000000008d200000, 0x000000008d200000, 0x000000008d300000|  0%| F|  |TAMS 0x000000008d200000| PB 0x000000008d200000| Untracked 
| 211|0x000000008d300000, 0x000000008d300000, 0x000000008d400000|  0%| F|  |TAMS 0x000000008d300000| PB 0x000000008d300000| Untracked 
| 212|0x000000008d400000, 0x000000008d400000, 0x000000008d500000|  0%| F|  |TAMS 0x000000008d400000| PB 0x000000008d400000| Untracked 
| 213|0x000000008d500000, 0x000000008d500000, 0x000000008d600000|  0%| F|  |TAMS 0x000000008d500000| PB 0x000000008d500000| Untracked 
| 214|0x000000008d600000, 0x000000008d600000, 0x000000008d700000|  0%| F|  |TAMS 0x000000008d600000| PB 0x000000008d600000| Untracked 
| 215|0x000000008d700000, 0x000000008d700000, 0x000000008d800000|  0%| F|  |TAMS 0x000000008d700000| PB 0x000000008d700000| Untracked 
| 216|0x000000008d800000, 0x000000008d800000, 0x000000008d900000|  0%| F|  |TAMS 0x000000008d800000| PB 0x000000008d800000| Untracked 
| 217|0x000000008d900000, 0x000000008d900000, 0x000000008da00000|  0%| F|  |TAMS 0x000000008d900000| PB 0x000000008d900000| Untracked 
| 218|0x000000008da00000, 0x000000008da00000, 0x000000008db00000|  0%| F|  |TAMS 0x000000008da00000| PB 0x000000008da00000| Untracked 
| 219|0x000000008db00000, 0x000000008db00000, 0x000000008dc00000|  0%| F|  |TAMS 0x000000008db00000| PB 0x000000008db00000| Untracked 
| 220|0x000000008dc00000, 0x000000008dc00000, 0x000000008dd00000|  0%| F|  |TAMS 0x000000008dc00000| PB 0x000000008dc00000| Untracked 
| 221|0x000000008dd00000, 0x000000008dd00000, 0x000000008de00000|  0%| F|  |TAMS 0x000000008dd00000| PB 0x000000008dd00000| Untracked 
| 222|0x000000008de00000, 0x000000008de00000, 0x000000008df00000|  0%| F|  |TAMS 0x000000008de00000| PB 0x000000008de00000| Untracked 
| 223|0x000000008df00000, 0x000000008df00000, 0x000000008e000000|  0%| F|  |TAMS 0x000000008df00000| PB 0x000000008df00000| Untracked 
| 224|0x000000008e000000, 0x000000008e000000, 0x000000008e100000|  0%| F|  |TAMS 0x000000008e000000| PB 0x000000008e000000| Untracked 
| 225|0x000000008e100000, 0x000000008e100000, 0x000000008e200000|  0%| F|  |TAMS 0x000000008e100000| PB 0x000000008e100000| Untracked 
| 226|0x000000008e200000, 0x000000008e200000, 0x000000008e300000|  0%| F|  |TAMS 0x000000008e200000| PB 0x000000008e200000| Untracked 
| 227|0x000000008e300000, 0x000000008e300000, 0x000000008e400000|  0%| F|  |TAMS 0x000000008e300000| PB 0x000000008e300000| Untracked 
| 228|0x000000008e400000, 0x000000008e400000, 0x000000008e500000|  0%| F|  |TAMS 0x000000008e400000| PB 0x000000008e400000| Untracked 
| 229|0x000000008e500000, 0x000000008e500000, 0x000000008e600000|  0%| F|  |TAMS 0x000000008e500000| PB 0x000000008e500000| Untracked 
| 230|0x000000008e600000, 0x000000008e600000, 0x000000008e700000|  0%| F|  |TAMS 0x000000008e600000| PB 0x000000008e600000| Untracked 
| 231|0x000000008e700000, 0x000000008e700000, 0x000000008e800000|  0%| F|  |TAMS 0x000000008e700000| PB 0x000000008e700000| Untracked 
| 232|0x000000008e800000, 0x000000008e800000, 0x000000008e900000|  0%| F|  |TAMS 0x000000008e800000| PB 0x000000008e800000| Untracked 
| 233|0x000000008e900000, 0x000000008e900000, 0x000000008ea00000|  0%| F|  |TAMS 0x000000008e900000| PB 0x000000008e900000| Untracked 
| 234|0x000000008ea00000, 0x000000008ea00000, 0x000000008eb00000|  0%| F|  |TAMS 0x000000008ea00000| PB 0x000000008ea00000| Untracked 
| 235|0x000000008eb00000, 0x000000008eb00000, 0x000000008ec00000|  0%| F|  |TAMS 0x000000008eb00000| PB 0x000000008eb00000| Untracked 
| 236|0x000000008ec00000, 0x000000008ecbb518, 0x000000008ed00000| 73%| S|CS|TAMS 0x000000008ec00000| PB 0x000000008ec00000| Complete 
| 237|0x000000008ed00000, 0x000000008ee00000, 0x000000008ee00000|100%| S|CS|TAMS 0x000000008ed00000| PB 0x000000008ed00000| Complete 
| 238|0x000000008ee00000, 0x000000008ef00000, 0x000000008ef00000|100%| S|CS|TAMS 0x000000008ee00000| PB 0x000000008ee00000| Complete 
| 239|0x000000008ef00000, 0x000000008f000000, 0x000000008f000000|100%| S|CS|TAMS 0x000000008ef00000| PB 0x000000008ef00000| Complete 
| 240|0x000000008f000000, 0x000000008f100000, 0x000000008f100000|100%| S|CS|TAMS 0x000000008f000000| PB 0x000000008f000000| Complete 
| 241|0x000000008f100000, 0x000000008f200000, 0x000000008f200000|100%| S|CS|TAMS 0x000000008f100000| PB 0x000000008f100000| Complete 
| 242|0x000000008f200000, 0x000000008f200000, 0x000000008f300000|  0%| F|  |TAMS 0x000000008f200000| PB 0x000000008f200000| Untracked 
| 243|0x000000008f300000, 0x000000008f300000, 0x000000008f400000|  0%| F|  |TAMS 0x000000008f300000| PB 0x000000008f300000| Untracked 
| 244|0x000000008f400000, 0x000000008f400000, 0x000000008f500000|  0%| F|  |TAMS 0x000000008f400000| PB 0x000000008f400000| Untracked 
| 245|0x000000008f500000, 0x000000008f500000, 0x000000008f600000|  0%| F|  |TAMS 0x000000008f500000| PB 0x000000008f500000| Untracked 
| 246|0x000000008f600000, 0x000000008f600000, 0x000000008f700000|  0%| F|  |TAMS 0x000000008f600000| PB 0x000000008f600000| Untracked 
| 247|0x000000008f700000, 0x000000008f700000, 0x000000008f800000|  0%| F|  |TAMS 0x000000008f700000| PB 0x000000008f700000| Untracked 
| 248|0x000000008f800000, 0x000000008f800000, 0x000000008f900000|  0%| F|  |TAMS 0x000000008f800000| PB 0x000000008f800000| Untracked 
| 249|0x000000008f900000, 0x000000008f900000, 0x000000008fa00000|  0%| F|  |TAMS 0x000000008f900000| PB 0x000000008f900000| Untracked 
| 250|0x000000008fa00000, 0x000000008fa00000, 0x000000008fb00000|  0%| F|  |TAMS 0x000000008fa00000| PB 0x000000008fa00000| Untracked 
| 251|0x000000008fb00000, 0x000000008fb00000, 0x000000008fc00000|  0%| F|  |TAMS 0x000000008fb00000| PB 0x000000008fb00000| Untracked 
| 252|0x000000008fc00000, 0x000000008fc00000, 0x000000008fd00000|  0%| F|  |TAMS 0x000000008fc00000| PB 0x000000008fc00000| Untracked 
| 253|0x000000008fd00000, 0x000000008fd00000, 0x000000008fe00000|  0%| F|  |TAMS 0x000000008fd00000| PB 0x000000008fd00000| Untracked 
| 254|0x000000008fe00000, 0x000000008fe00000, 0x000000008ff00000|  0%| F|  |TAMS 0x000000008fe00000| PB 0x000000008fe00000| Untracked 
| 255|0x000000008ff00000, 0x000000008ff00000, 0x0000000090000000|  0%| F|  |TAMS 0x000000008ff00000| PB 0x000000008ff00000| Untracked 
| 256|0x0000000090000000, 0x0000000090000000, 0x0000000090100000|  0%| F|  |TAMS 0x0000000090000000| PB 0x0000000090000000| Untracked 
| 257|0x0000000090100000, 0x0000000090100000, 0x0000000090200000|  0%| F|  |TAMS 0x0000000090100000| PB 0x0000000090100000| Untracked 
| 258|0x0000000090200000, 0x0000000090200000, 0x0000000090300000|  0%| F|  |TAMS 0x0000000090200000| PB 0x0000000090200000| Untracked 
| 259|0x0000000090300000, 0x0000000090300000, 0x0000000090400000|  0%| F|  |TAMS 0x0000000090300000| PB 0x0000000090300000| Untracked 
| 260|0x0000000090400000, 0x0000000090400000, 0x0000000090500000|  0%| F|  |TAMS 0x0000000090400000| PB 0x0000000090400000| Untracked 
| 261|0x0000000090500000, 0x0000000090500000, 0x0000000090600000|  0%| F|  |TAMS 0x0000000090500000| PB 0x0000000090500000| Untracked 
| 262|0x0000000090600000, 0x0000000090600000, 0x0000000090700000|  0%| F|  |TAMS 0x0000000090600000| PB 0x0000000090600000| Untracked 
| 263|0x0000000090700000, 0x0000000090700000, 0x0000000090800000|  0%| F|  |TAMS 0x0000000090700000| PB 0x0000000090700000| Untracked 
| 264|0x0000000090800000, 0x0000000090800000, 0x0000000090900000|  0%| F|  |TAMS 0x0000000090800000| PB 0x0000000090800000| Untracked 
| 265|0x0000000090900000, 0x0000000090900000, 0x0000000090a00000|  0%| F|  |TAMS 0x0000000090900000| PB 0x0000000090900000| Untracked 
| 266|0x0000000090a00000, 0x0000000090a00000, 0x0000000090b00000|  0%| F|  |TAMS 0x0000000090a00000| PB 0x0000000090a00000| Untracked 
| 267|0x0000000090b00000, 0x0000000090b00000, 0x0000000090c00000|  0%| F|  |TAMS 0x0000000090b00000| PB 0x0000000090b00000| Untracked 
| 268|0x0000000090c00000, 0x0000000090c00000, 0x0000000090d00000|  0%| F|  |TAMS 0x0000000090c00000| PB 0x0000000090c00000| Untracked 
| 269|0x0000000090d00000, 0x0000000090d00000, 0x0000000090e00000|  0%| F|  |TAMS 0x0000000090d00000| PB 0x0000000090d00000| Untracked 
| 270|0x0000000090e00000, 0x0000000090e00000, 0x0000000090f00000|  0%| F|  |TAMS 0x0000000090e00000| PB 0x0000000090e00000| Untracked 
| 271|0x0000000090f00000, 0x0000000090f00000, 0x0000000091000000|  0%| F|  |TAMS 0x0000000090f00000| PB 0x0000000090f00000| Untracked 
| 272|0x0000000091000000, 0x0000000091000000, 0x0000000091100000|  0%| F|  |TAMS 0x0000000091000000| PB 0x0000000091000000| Untracked 
| 273|0x0000000091100000, 0x0000000091100000, 0x0000000091200000|  0%| F|  |TAMS 0x0000000091100000| PB 0x0000000091100000| Untracked 
| 274|0x0000000091200000, 0x0000000091200000, 0x0000000091300000|  0%| F|  |TAMS 0x0000000091200000| PB 0x0000000091200000| Untracked 
| 275|0x0000000091300000, 0x0000000091300000, 0x0000000091400000|  0%| F|  |TAMS 0x0000000091300000| PB 0x0000000091300000| Untracked 
| 276|0x0000000091400000, 0x0000000091400000, 0x0000000091500000|  0%| F|  |TAMS 0x0000000091400000| PB 0x0000000091400000| Untracked 
| 277|0x0000000091500000, 0x0000000091500000, 0x0000000091600000|  0%| F|  |TAMS 0x0000000091500000| PB 0x0000000091500000| Untracked 
| 278|0x0000000091600000, 0x0000000091600000, 0x0000000091700000|  0%| F|  |TAMS 0x0000000091600000| PB 0x0000000091600000| Untracked 
| 279|0x0000000091700000, 0x0000000091700000, 0x0000000091800000|  0%| F|  |TAMS 0x0000000091700000| PB 0x0000000091700000| Untracked 
| 280|0x0000000091800000, 0x0000000091800000, 0x0000000091900000|  0%| F|  |TAMS 0x0000000091800000| PB 0x0000000091800000| Untracked 
| 281|0x0000000091900000, 0x0000000091900000, 0x0000000091a00000|  0%| F|  |TAMS 0x0000000091900000| PB 0x0000000091900000| Untracked 
| 282|0x0000000091a00000, 0x0000000091a00000, 0x0000000091b00000|  0%| F|  |TAMS 0x0000000091a00000| PB 0x0000000091a00000| Untracked 
| 283|0x0000000091b00000, 0x0000000091b00000, 0x0000000091c00000|  0%| F|  |TAMS 0x0000000091b00000| PB 0x0000000091b00000| Untracked 
| 284|0x0000000091c00000, 0x0000000091c00000, 0x0000000091d00000|  0%| F|  |TAMS 0x0000000091c00000| PB 0x0000000091c00000| Untracked 
| 285|0x0000000091d00000, 0x0000000091d00000, 0x0000000091e00000|  0%| F|  |TAMS 0x0000000091d00000| PB 0x0000000091d00000| Untracked 
| 286|0x0000000091e00000, 0x0000000091e00000, 0x0000000091f00000|  0%| F|  |TAMS 0x0000000091e00000| PB 0x0000000091e00000| Untracked 
| 287|0x0000000091f00000, 0x0000000091f00000, 0x0000000092000000|  0%| F|  |TAMS 0x0000000091f00000| PB 0x0000000091f00000| Untracked 
| 288|0x0000000092000000, 0x0000000092000000, 0x0000000092100000|  0%| F|  |TAMS 0x0000000092000000| PB 0x0000000092000000| Untracked 
| 289|0x0000000092100000, 0x0000000092100000, 0x0000000092200000|  0%| F|  |TAMS 0x0000000092100000| PB 0x0000000092100000| Untracked 
| 290|0x0000000092200000, 0x0000000092200000, 0x0000000092300000|  0%| F|  |TAMS 0x0000000092200000| PB 0x0000000092200000| Untracked 
| 291|0x0000000092300000, 0x000000009239ad90, 0x0000000092400000| 60%| E|  |TAMS 0x0000000092300000| PB 0x0000000092300000| Complete 
| 292|0x0000000092400000, 0x0000000092500000, 0x0000000092500000|100%| E|CS|TAMS 0x0000000092400000| PB 0x0000000092400000| Complete 
| 293|0x0000000092500000, 0x0000000092600000, 0x0000000092600000|100%| E|CS|TAMS 0x0000000092500000| PB 0x0000000092500000| Complete 
| 294|0x0000000092600000, 0x00000000926ffea0, 0x0000000092700000| 99%| E|  |TAMS 0x0000000092600000| PB 0x0000000092600000| Complete 
|2014|0x00000000fde00000, 0x00000000fdf00000, 0x00000000fdf00000|100%| O|  |TAMS 0x00000000fde00000| PB 0x00000000fde00000| Untracked 
|2015|0x00000000fdf00000, 0x00000000fe000000, 0x00000000fe000000|100%| O|Cm|TAMS 0x00000000fdf00000| PB 0x00000000fdf00000| Complete 
|2016|0x00000000fe000000, 0x00000000fe100000, 0x00000000fe100000|100%| O|  |TAMS 0x00000000fe000000| PB 0x00000000fe000000| Untracked 
|2017|0x00000000fe100000, 0x00000000fe200000, 0x00000000fe200000|100%| O|  |TAMS 0x00000000fe100000| PB 0x00000000fe100000| Untracked 
|2018|0x00000000fe200000, 0x00000000fe300000, 0x00000000fe300000|100%| O|  |TAMS 0x00000000fe200000| PB 0x00000000fe200000| Untracked 
|2019|0x00000000fe300000, 0x00000000fe400000, 0x00000000fe400000|100%| O|  |TAMS 0x00000000fe300000| PB 0x00000000fe300000| Untracked 
|2020|0x00000000fe400000, 0x00000000fe500000, 0x00000000fe500000|100%| O|  |TAMS 0x00000000fe400000| PB 0x00000000fe400000| Untracked 
|2021|0x00000000fe500000, 0x00000000fe600000, 0x00000000fe600000|100%| O|  |TAMS 0x00000000fe500000| PB 0x00000000fe500000| Untracked 
|2022|0x00000000fe600000, 0x00000000fe700000, 0x00000000fe700000|100%| O|  |TAMS 0x00000000fe600000| PB 0x00000000fe600000| Untracked 
|2023|0x00000000fe700000, 0x00000000fe800000, 0x00000000fe800000|100%| O|  |TAMS 0x00000000fe700000| PB 0x00000000fe700000| Untracked 
|2024|0x00000000fe800000, 0x00000000fe900000, 0x00000000fe900000|100%| O|  |TAMS 0x00000000fe800000| PB 0x00000000fe800000| Untracked 
|2025|0x00000000fe900000, 0x00000000fea00000, 0x00000000fea00000|100%| O|  |TAMS 0x00000000fe900000| PB 0x00000000fe900000| Untracked 
|2026|0x00000000fea00000, 0x00000000feb00000, 0x00000000feb00000|100%| O|  |TAMS 0x00000000fea00000| PB 0x00000000fea00000| Untracked 
|2027|0x00000000feb00000, 0x00000000fec00000, 0x00000000fec00000|100%| E|CS|TAMS 0x00000000feb00000| PB 0x00000000feb00000| Complete 
|2028|0x00000000fec00000, 0x00000000fed00000, 0x00000000fed00000|100%| O|  |TAMS 0x00000000fec00000| PB 0x00000000fec00000| Untracked 
|2029|0x00000000fed00000, 0x00000000fee00000, 0x00000000fee00000|100%| O|Cm|TAMS 0x00000000fed00000| PB 0x00000000fed00000| Complete 
|2030|0x00000000fee00000, 0x00000000fef00000, 0x00000000fef00000|100%| E|CS|TAMS 0x00000000fee00000| PB 0x00000000fee00000| Complete 
|2031|0x00000000fef00000, 0x00000000ff000000, 0x00000000ff000000|100%| O|  |TAMS 0x00000000fef00000| PB 0x00000000fef00000| Untracked 
|2032|0x00000000ff000000, 0x00000000ff100000, 0x00000000ff100000|100%| O|  |TAMS 0x00000000ff000000| PB 0x00000000ff000000| Untracked 
|2033|0x00000000ff100000, 0x00000000ff200000, 0x00000000ff200000|100%| O|  |TAMS 0x00000000ff100000| PB 0x00000000ff100000| Untracked 
|2034|0x00000000ff200000, 0x00000000ff300000, 0x00000000ff300000|100%| O|  |TAMS 0x00000000ff200000| PB 0x00000000ff200000| Untracked 
|2035|0x00000000ff300000, 0x00000000ff400000, 0x00000000ff400000|100%| O|  |TAMS 0x00000000ff300000| PB 0x00000000ff300000| Untracked 
|2036|0x00000000ff400000, 0x00000000ff500000, 0x00000000ff500000|100%| O|  |TAMS 0x00000000ff400000| PB 0x00000000ff400000| Untracked 
|2037|0x00000000ff500000, 0x00000000ff600000, 0x00000000ff600000|100%| O|  |TAMS 0x00000000ff500000| PB 0x00000000ff500000| Untracked 
|2038|0x00000000ff600000, 0x00000000ff700000, 0x00000000ff700000|100%| O|  |TAMS 0x00000000ff600000| PB 0x00000000ff600000| Untracked 
|2039|0x00000000ff700000, 0x00000000ff800000, 0x00000000ff800000|100%| O|  |TAMS 0x00000000ff700000| PB 0x00000000ff700000| Untracked 
|2040|0x00000000ff800000, 0x00000000ff900000, 0x00000000ff900000|100%| O|  |TAMS 0x00000000ff800000| PB 0x00000000ff800000| Untracked 
|2041|0x00000000ff900000, 0x00000000ffa00000, 0x00000000ffa00000|100%| O|  |TAMS 0x00000000ff900000| PB 0x00000000ff900000| Untracked 
|2042|0x00000000ffa00000, 0x00000000ffb00000, 0x00000000ffb00000|100%| E|CS|TAMS 0x00000000ffa00000| PB 0x00000000ffa00000| Complete 
|2043|0x00000000ffb00000, 0x00000000ffc00000, 0x00000000ffc00000|100%| O|  |TAMS 0x00000000ffb00000| PB 0x00000000ffb00000| Untracked 
|2044|0x00000000ffc00000, 0x00000000ffd00000, 0x00000000ffd00000|100%| E|CS|TAMS 0x00000000ffc00000| PB 0x00000000ffc00000| Complete 
|2045|0x00000000ffd00000, 0x00000000ffe00000, 0x00000000ffe00000|100%| O|  |TAMS 0x00000000ffd00000| PB 0x00000000ffd00000| Untracked 
|2046|0x00000000ffe00000, 0x00000000fff00000, 0x00000000fff00000|100%| E|CS|TAMS 0x00000000ffe00000| PB 0x00000000ffe00000| Complete 
|2047|0x00000000fff00000, 0x0000000100000000, 0x0000000100000000|100%| O|  |TAMS 0x00000000fff00000| PB 0x00000000fff00000| Untracked 

Card table byte_map: [0x0000018041a20000,0x0000018041e20000] _byte_map_base: 0x0000018041620000

Marking Bits: (CMBitMap*) 0x000001802cfa3a80
 Bits: [0x0000018041e20000, 0x0000018043e20000)

Polling page: 0x0000018031970000

Metaspace:

Usage:
  Non-class:    124.16 MB used.
      Class:     19.32 MB used.
       Both:    143.47 MB used.

Virtual space:
  Non-class space:      128.00 MB reserved,     125.38 MB ( 98%) committed,  2 nodes.
      Class space:        1.00 GB reserved,      20.56 MB (  2%) committed,  1 nodes.
             Both:        1.12 GB reserved,     145.94 MB ( 13%) committed. 

Chunk freelists:
   Non-Class:  2.58 MB
       Class:  11.30 MB
        Both:  13.88 MB

MaxMetaspaceSize: unlimited
CompressedClassSpaceSize: 1.00 GB
Initial GC threshold: 21.00 MB
Current GC threshold: 234.69 MB
CDS: off
 - commit_granule_bytes: 65536.
 - commit_granule_words: 8192.
 - virtual_space_node_default_size: 8388608.
 - enlarge_chunks_in_place: 1.
 - use_allocation_guard: 0.


Internal statistics:

num_allocs_failed_limit: 12.
num_arena_births: 4952.
num_arena_deaths: 2.
num_vsnodes_births: 3.
num_vsnodes_deaths: 0.
num_space_committed: 2332.
num_space_uncommitted: 0.
num_chunks_returned_to_freelist: 15.
num_chunks_taken_from_freelist: 11247.
num_chunk_merges: 9.
num_chunk_splits: 7311.
num_chunks_enlarged: 4552.
num_inconsistent_stats: 0.

CodeHeap 'non-profiled nmethods': size=120000Kb used=10653Kb max_used=12803Kb free=109346Kb
 bounds [0x0000018039460000, 0x000001803a0f0000, 0x0000018040990000]
CodeHeap 'profiled nmethods': size=120000Kb used=22880Kb max_used=29427Kb free=97119Kb
 bounds [0x0000018031990000, 0x0000018033650000, 0x0000018038ec0000]
CodeHeap 'non-nmethods': size=5760Kb used=2117Kb max_used=2165Kb free=3642Kb
 bounds [0x0000018038ec0000, 0x0000018039130000, 0x0000018039460000]
CodeCache: size=245760Kb, used=35650Kb, max_used=44395Kb, free=210107Kb
 total_blobs=13103, nmethods=12122, adapters=885, full_count=0
Compilation: enabled, stopped_count=0, restarted_count=0

Compilation events (20 events):
Event: 1532.563 Thread 0x0000018051a00b40 nmethod 19656 0x0000018039a49e10 code [0x0000018039a4a0c0, 0x0000018039a4ab58]
Event: 1532.563 Thread 0x0000018051a00b40 19674       4       java.lang.invoke.MethodType::methodType (69 bytes)
Event: 1532.582 Thread 0x0000018046cfa1c0 19686       3       sun.nio.ch.Util::free (13 bytes)
Event: 1532.582 Thread 0x0000018046cfa1c0 nmethod 19686 0x0000018031c58310 code [0x0000018031c584e0, 0x0000018031c587c0]
Event: 1532.582 Thread 0x0000018046cfa1c0 19687   !   3       jdk.internal.ref.Cleaner::clean (35 bytes)
Event: 1532.583 Thread 0x0000018046cfa1c0 nmethod 19687 0x0000018031e30f10 code [0x0000018031e31140, 0x0000018031e31720]
Event: 1532.734 Thread 0x00000180519fe930 nmethod 19634 0x0000018039c59590 code [0x0000018039c5a000, 0x0000018039c62690]
Event: 1532.734 Thread 0x00000180519fe930 19672       4       java.lang.Boolean::equals (29 bytes)
Event: 1532.735 Thread 0x00000180519fe930 nmethod 19672 0x0000018039785510 code [0x00000180397856a0, 0x0000018039785768]
Event: 1532.735 Thread 0x00000180519fe930 19655       4       org.gradle.api.internal.changedetection.state.FallbackHandlingResourceHasher::lambda$hash$1 (11 bytes)
Event: 1532.752 Thread 0x00000180519fe930 nmethod 19655 0x000001803953fa90 code [0x000001803953fd20, 0x0000018039540668]
Event: 1532.753 Thread 0x00000180519fe930 19658       4       org.gradle.internal.snapshot.DirectorySnapshot::accept (8 bytes)
Event: 1532.754 Thread 0x00000180519fe930 nmethod 19658 0x000001803966e190 code [0x000001803966e320, 0x000001803966e400]
Event: 1532.754 Thread 0x00000180519fe930 19650       4       org.gradle.api.internal.attributes.matching.CachingAttributeSelectionSchema$MatchValueKey::<init> (8 bytes)
Event: 1532.758 Thread 0x00000180519fe930 nmethod 19650 0x0000018039732a10 code [0x0000018039732bc0, 0x0000018039733078]
Event: 1532.758 Thread 0x00000180519fe930 19659       4       org.gradle.api.internal.changedetection.state.RuntimeClasspathResourceHasher::hash (10 bytes)
Event: 1532.759 Thread 0x00000180519fe930 nmethod 19659 0x000001803977dc90 code [0x000001803977de20, 0x000001803977df00]
Event: 1532.759 Thread 0x00000180519fe930 19649       4       org.gradle.api.internal.artifacts.transform.DefaultTransformUpstreamDependenciesResolver::dependenciesFor (38 bytes)
Event: 1532.760 Thread 0x00000180519fe930 nmethod 19649 0x000001803958d010 code [0x000001803958d1a0, 0x000001803958d2b8]
Event: 1532.760 Thread 0x00000180519fe930 19648       4       org.gradle.api.internal.artifacts.transform.AttributeMatchingArtifactVariantSelector::doSelect (180 bytes)

GC Heap History (20 events):
Event: 44.605 GC heap before
{Heap before GC invocations=47 (full 0):
 garbage-first heap   total 222208K, used 205140K [0x0000000080000000, 0x0000000100000000)
  region size 1024K, 76 young (77824K), 7 survivors (7168K)
 Metaspace       used 126016K, committed 128384K, reserved 1179648K
  class space    used 17614K, committed 18752K, reserved 1048576K
}
Event: 44.621 GC heap after
{Heap after GC invocations=48 (full 0):
 garbage-first heap   total 222208K, used 137638K [0x0000000080000000, 0x0000000100000000)
  region size 1024K, 8 young (8192K), 8 survivors (8192K)
 Metaspace       used 126016K, committed 128384K, reserved 1179648K
  class space    used 17614K, committed 18752K, reserved 1048576K
}
Event: 45.714 GC heap before
{Heap before GC invocations=48 (full 0):
 garbage-first heap   total 222208K, used 206246K [0x0000000080000000, 0x0000000100000000)
  region size 1024K, 76 young (77824K), 8 survivors (8192K)
 Metaspace       used 127313K, committed 129728K, reserved 1179648K
  class space    used 17770K, committed 18944K, reserved 1048576K
}
Event: 45.728 GC heap after
{Heap after GC invocations=49 (full 0):
 garbage-first heap   total 222208K, used 140572K [0x0000000080000000, 0x0000000100000000)
  region size 1024K, 8 young (8192K), 8 survivors (8192K)
 Metaspace       used 127313K, committed 129728K, reserved 1179648K
  class space    used 17770K, committed 18944K, reserved 1048576K
}
Event: 502.576 GC heap before
{Heap before GC invocations=50 (full 0):
 garbage-first heap   total 235520K, used 207132K [0x0000000080000000, 0x0000000100000000)
  region size 1024K, 74 young (75776K), 8 survivors (8192K)
 Metaspace       used 133575K, committed 136064K, reserved 1179648K
  class space    used 18346K, committed 19584K, reserved 1048576K
}
Event: 502.588 GC heap after
{Heap after GC invocations=51 (full 0):
 garbage-first heap   total 235520K, used 142101K [0x0000000080000000, 0x0000000100000000)
  region size 1024K, 6 young (6144K), 6 survivors (6144K)
 Metaspace       used 133575K, committed 136064K, reserved 1179648K
  class space    used 18346K, committed 19584K, reserved 1048576K
}
Event: 1527.258 GC heap before
{Heap before GC invocations=51 (full 0):
 garbage-first heap   total 235520K, used 220949K [0x0000000080000000, 0x0000000100000000)
  region size 1024K, 83 young (84992K), 6 survivors (6144K)
 Metaspace       used 133984K, committed 136448K, reserved 1179648K
  class space    used 18355K, committed 19584K, reserved 1048576K
}
Event: 1527.269 GC heap after
{Heap after GC invocations=52 (full 0):
 garbage-first heap   total 235520K, used 146657K [0x0000000080000000, 0x0000000100000000)
  region size 1024K, 10 young (10240K), 10 survivors (10240K)
 Metaspace       used 133984K, committed 136448K, reserved 1179648K
  class space    used 18355K, committed 19584K, reserved 1048576K
}
Event: 1528.833 GC heap before
{Heap before GC invocations=52 (full 0):
 garbage-first heap   total 235520K, used 220385K [0x0000000080000000, 0x0000000100000000)
  region size 1024K, 83 young (84992K), 10 survivors (10240K)
 Metaspace       used 136386K, committed 138752K, reserved 1179648K
  class space    used 18667K, committed 19840K, reserved 1048576K
}
Event: 1528.847 GC heap after
{Heap after GC invocations=53 (full 0):
 garbage-first heap   total 240640K, used 152324K [0x0000000080000000, 0x0000000100000000)
  region size 1024K, 11 young (11264K), 11 survivors (11264K)
 Metaspace       used 136386K, committed 138752K, reserved 1179648K
  class space    used 18667K, committed 19840K, reserved 1048576K
}
Event: 1529.090 GC heap before
{Heap before GC invocations=53 (full 0):
 garbage-first heap   total 240640K, used 183044K [0x0000000080000000, 0x0000000100000000)
  region size 1024K, 43 young (44032K), 11 survivors (11264K)
 Metaspace       used 137029K, committed 139456K, reserved 1179648K
  class space    used 18748K, committed 19904K, reserved 1048576K
}
Event: 1529.101 GC heap after
{Heap after GC invocations=54 (full 0):
 garbage-first heap   total 240640K, used 155768K [0x0000000080000000, 0x0000000100000000)
  region size 1024K, 3 young (3072K), 3 survivors (3072K)
 Metaspace       used 137029K, committed 139456K, reserved 1179648K
  class space    used 18748K, committed 19904K, reserved 1048576K
}
Event: 1530.210 GC heap before
{Heap before GC invocations=55 (full 0):
 garbage-first heap   total 268288K, used 228472K [0x0000000080000000, 0x0000000100000000)
  region size 1024K, 71 young (72704K), 3 survivors (3072K)
 Metaspace       used 137477K, committed 139840K, reserved 1179648K
  class space    used 18764K, committed 19904K, reserved 1048576K
}
Event: 1530.224 GC heap after
{Heap after GC invocations=56 (full 0):
 garbage-first heap   total 268288K, used 184698K [0x0000000080000000, 0x0000000100000000)
  region size 1024K, 9 young (9216K), 9 survivors (9216K)
 Metaspace       used 137477K, committed 139840K, reserved 1179648K
  class space    used 18764K, committed 19904K, reserved 1048576K
}
Event: 1530.824 GC heap before
{Heap before GC invocations=56 (full 0):
 garbage-first heap   total 268288K, used 266618K [0x0000000080000000, 0x0000000100000000)
  region size 1024K, 61 young (62464K), 9 survivors (9216K)
 Metaspace       used 139402K, committed 141952K, reserved 1179648K
  class space    used 18970K, committed 20224K, reserved 1048576K
}
Event: 1530.840 GC heap after
{Heap after GC invocations=57 (full 0):
 garbage-first heap   total 289792K, used 191839K [0x0000000080000000, 0x0000000100000000)
  region size 1024K, 8 young (8192K), 8 survivors (8192K)
 Metaspace       used 139402K, committed 141952K, reserved 1179648K
  class space    used 18970K, committed 20224K, reserved 1048576K
}
Event: 1531.337 GC heap before
{Heap before GC invocations=57 (full 0):
 garbage-first heap   total 289792K, used 229727K [0x0000000080000000, 0x0000000100000000)
  region size 1024K, 47 young (48128K), 8 survivors (8192K)
 Metaspace       used 140913K, committed 143424K, reserved 1179648K
  class space    used 19162K, committed 20416K, reserved 1048576K
}
Event: 1531.347 GC heap after
{Heap after GC invocations=58 (full 0):
 garbage-first heap   total 289792K, used 197677K [0x0000000080000000, 0x0000000100000000)
  region size 1024K, 5 young (5120K), 5 survivors (5120K)
 Metaspace       used 140913K, committed 143424K, reserved 1179648K
  class space    used 19162K, committed 20416K, reserved 1048576K
}
Event: 1532.392 GC heap before
{Heap before GC invocations=59 (full 0):
 garbage-first heap   total 336896K, used 261165K [0x0000000080000000, 0x0000000100000000)
  region size 1024K, 63 young (64512K), 5 survivors (5120K)
 Metaspace       used 146433K, committed 148928K, reserved 1179648K
  class space    used 19691K, committed 20928K, reserved 1048576K
}
Event: 1532.400 GC heap after
{Heap after GC invocations=60 (full 0):
 garbage-first heap   total 336896K, used 206755K [0x0000000080000000, 0x0000000100000000)
  region size 1024K, 6 young (6144K), 6 survivors (6144K)
 Metaspace       used 146433K, committed 148928K, reserved 1179648K
  class space    used 19691K, committed 20928K, reserved 1048576K
}

Dll operation events (3 events):
Event: 0.019 Loaded shared library C:\Program Files\Android\Android Studio\jbr\bin\java.dll
Event: 0.026 Loaded shared library C:\Program Files\Android\Android Studio\jbr\bin\zip.dll
Event: 0.604 Loaded shared library C:\Program Files\Android\Android Studio\jbr\bin\verify.dll

Deoptimization events (20 events):
Event: 1532.501 Thread 0x0000018050cc8b80 DEOPT PACKING pc=0x000001803963cd54 sp=0x00000007ec5fd2c0
Event: 1532.501 Thread 0x0000018050cc8b80 DEOPT UNPACKING pc=0x0000018038f143a2 sp=0x00000007ec5fd280 mode 2
Event: 1532.502 Thread 0x0000018050cc8b80 Uncommon trap: trap_request=0xffffffc6 fr.pc=0x000001803963cd54 relative=0x00000000000005b4
Event: 1532.502 Thread 0x0000018050cc8b80 Uncommon trap: reason=bimorphic_or_optimized_type_check action=maybe_recompile pc=0x000001803963cd54 method=java.util.regex.Matcher.search(I)Z @ 121 c2
Event: 1532.502 Thread 0x0000018050cc8b80 DEOPT PACKING pc=0x000001803963cd54 sp=0x00000007ec5fd2c0
Event: 1532.502 Thread 0x0000018050cc8b80 DEOPT UNPACKING pc=0x0000018038f143a2 sp=0x00000007ec5fd280 mode 2
Event: 1532.502 Thread 0x0000018050cc8b80 Uncommon trap: trap_request=0xffffffc6 fr.pc=0x000001803963cd54 relative=0x00000000000005b4
Event: 1532.502 Thread 0x0000018050cc8b80 Uncommon trap: reason=bimorphic_or_optimized_type_check action=maybe_recompile pc=0x000001803963cd54 method=java.util.regex.Matcher.search(I)Z @ 121 c2
Event: 1532.502 Thread 0x0000018050cc8b80 DEOPT PACKING pc=0x000001803963cd54 sp=0x00000007ec5fd2c0
Event: 1532.502 Thread 0x0000018050cc8b80 DEOPT UNPACKING pc=0x0000018038f143a2 sp=0x00000007ec5fd280 mode 2
Event: 1532.503 Thread 0x0000018050cc8b80 Uncommon trap: trap_request=0xffffffc6 fr.pc=0x000001803963cd54 relative=0x00000000000005b4
Event: 1532.503 Thread 0x0000018050cc8b80 Uncommon trap: reason=bimorphic_or_optimized_type_check action=maybe_recompile pc=0x000001803963cd54 method=java.util.regex.Matcher.search(I)Z @ 121 c2
Event: 1532.503 Thread 0x0000018050cc8b80 DEOPT PACKING pc=0x000001803963cd54 sp=0x00000007ec5fd2c0
Event: 1532.503 Thread 0x0000018050cc8b80 DEOPT UNPACKING pc=0x0000018038f143a2 sp=0x00000007ec5fd280 mode 2
Event: 1532.524 Thread 0x0000018050cc8b80 DEOPT PACKING pc=0x0000018031be444e sp=0x00000007ec5fc590
Event: 1532.524 Thread 0x0000018050cc8b80 DEOPT UNPACKING pc=0x0000018038f14b42 sp=0x00000007ec5fbad8 mode 0
Event: 1532.580 Thread 0x0000018058ed3da0 Uncommon trap: trap_request=0xffffffde fr.pc=0x00000180395c9a04 relative=0x0000000000000844
Event: 1532.580 Thread 0x0000018058ed3da0 Uncommon trap: reason=class_check action=maybe_recompile pc=0x00000180395c9a04 method=java.lang.ThreadLocal.setInitialValue(Ljava/lang/Thread;)Ljava/lang/Object; @ 27 c2
Event: 1532.580 Thread 0x0000018058ed3da0 DEOPT PACKING pc=0x00000180395c9a04 sp=0x00000007ecafe540
Event: 1532.580 Thread 0x0000018058ed3da0 DEOPT UNPACKING pc=0x0000018038f143a2 sp=0x00000007ecafe510 mode 2

Classes loaded (20 events):
Event: 1532.324 Loading class java/nio/file/TempFileHelper
Event: 1532.324 Loading class java/nio/file/TempFileHelper done
Event: 1532.475 Loading class java/rmi/ConnectException
Event: 1532.475 Loading class java/rmi/ConnectException done
Event: 1532.475 Loading class java/rmi/ConnectIOException
Event: 1532.475 Loading class java/rmi/ConnectIOException done
Event: 1532.475 Loading class java/rmi/UnmarshalException
Event: 1532.476 Loading class java/rmi/UnmarshalException done
Event: 1532.487 Loading class java/rmi/server/RMIServerSocketFactory
Event: 1532.487 Loading class java/rmi/server/RMIServerSocketFactory done
Event: 1532.489 Loading class java/rmi/server/RMIClientSocketFactory
Event: 1532.490 Loading class java/rmi/server/RMIClientSocketFactory done
Event: 1532.512 Loading class java/lang/IllegalThreadStateException
Event: 1532.512 Loading class java/lang/IllegalThreadStateException done
Event: 1532.552 Loading class java/lang/ProcessBuilder$NullInputStream
Event: 1532.552 Loading class java/lang/ProcessBuilder$NullInputStream done
Event: 1532.552 Loading class java/util/concurrent/Semaphore$NonfairSync
Event: 1532.552 Loading class java/util/concurrent/Semaphore$Sync
Event: 1532.552 Loading class java/util/concurrent/Semaphore$Sync done
Event: 1532.552 Loading class java/util/concurrent/Semaphore$NonfairSync done

Classes unloaded (1 events):
Event: 1531.442 Thread 0x0000018046c4bd90 Unloading class 0x0000000101022000 'java/lang/invoke/LambdaForm$MH+0x0000000101022000'

Classes redefined (0 events):
No events

Internal exceptions (20 events):
Event: 1532.524 Thread 0x0000018050cc8b80 Exception <a 'sun/nio/fs/WindowsException'{0x00000000924989f0}> (0x00000000924989f0) 
thrown [s\src\hotspot\share\prims\jni.cpp, line 537]
Event: 1532.525 Thread 0x0000018050cc8b80 Exception <a 'sun/nio/fs/WindowsException'{0x00000000924a0978}> (0x00000000924a0978) 
thrown [s\src\hotspot\share\prims\jni.cpp, line 537]
Event: 1532.526 Thread 0x0000018050cc8b80 Exception <a 'sun/nio/fs/WindowsException'{0x00000000924ac490}> (0x00000000924ac490) 
thrown [s\src\hotspot\share\prims\jni.cpp, line 537]
Event: 1532.527 Thread 0x0000018050cc8b80 Exception <a 'sun/nio/fs/WindowsException'{0x00000000924b4260}> (0x00000000924b4260) 
thrown [s\src\hotspot\share\prims\jni.cpp, line 537]
Event: 1532.528 Thread 0x0000018050cc8b80 Exception <a 'sun/nio/fs/WindowsException'{0x00000000924bfd08}> (0x00000000924bfd08) 
thrown [s\src\hotspot\share\prims\jni.cpp, line 537]
Event: 1532.529 Thread 0x0000018050cc8b80 Exception <a 'sun/nio/fs/WindowsException'{0x00000000924c7da0}> (0x00000000924c7da0) 
thrown [s\src\hotspot\share\prims\jni.cpp, line 537]
Event: 1532.531 Thread 0x0000018050cc8b80 Exception <a 'sun/nio/fs/WindowsException'{0x00000000924d3a08}> (0x00000000924d3a08) 
thrown [s\src\hotspot\share\prims\jni.cpp, line 537]
Event: 1532.533 Thread 0x0000018050cc8b80 Exception <a 'sun/nio/fs/WindowsException'{0x00000000924e6de0}> (0x00000000924e6de0) 
thrown [s\src\hotspot\share\prims\jni.cpp, line 537]
Event: 1532.534 Thread 0x0000018050cc8b80 Exception <a 'sun/nio/fs/WindowsException'{0x00000000924ef158}> (0x00000000924ef158) 
thrown [s\src\hotspot\share\prims\jni.cpp, line 537]
Event: 1532.535 Thread 0x0000018050cc8b80 Exception <a 'sun/nio/fs/WindowsException'{0x00000000924fd438}> (0x00000000924fd438) 
thrown [s\src\hotspot\share\prims\jni.cpp, line 537]
Event: 1532.553 Thread 0x0000018050cc8b80 Exception <a 'sun/nio/fs/WindowsException'{0x0000000092315a50}> (0x0000000092315a50) 
thrown [s\src\hotspot\share\prims\jni.cpp, line 537]
Event: 1532.555 Thread 0x0000018050cc8b80 Exception <a 'sun/nio/fs/WindowsException'{0x000000009231ed10}> (0x000000009231ed10) 
thrown [s\src\hotspot\share\prims\jni.cpp, line 537]
Event: 1532.557 Thread 0x0000018050cc8b80 Exception <a 'sun/nio/fs/WindowsException'{0x00000000923261a0}> (0x00000000923261a0) 
thrown [s\src\hotspot\share\prims\jni.cpp, line 537]
Event: 1532.559 Thread 0x0000018050cc8b80 Exception <a 'sun/nio/fs/WindowsException'{0x0000000092335050}> (0x0000000092335050) 
thrown [s\src\hotspot\share\prims\jni.cpp, line 537]
Event: 1532.560 Thread 0x0000018050cc8b80 Exception <a 'sun/nio/fs/WindowsException'{0x000000009233c608}> (0x000000009233c608) 
thrown [s\src\hotspot\share\prims\jni.cpp, line 537]
Event: 1532.570 Thread 0x0000018050cc8b80 Exception <a 'sun/nio/fs/WindowsException'{0x0000000092344e70}> (0x0000000092344e70) 
thrown [s\src\hotspot\share\prims\jni.cpp, line 537]
Event: 1532.574 Thread 0x0000018050cc8b80 Exception <a 'sun/nio/fs/WindowsException'{0x0000000092350410}> (0x0000000092350410) 
thrown [s\src\hotspot\share\prims\jni.cpp, line 537]
Event: 1532.575 Thread 0x0000018050cc8b80 Exception <a 'sun/nio/fs/WindowsException'{0x0000000092358920}> (0x0000000092358920) 
thrown [s\src\hotspot\share\prims\jni.cpp, line 537]
Event: 1532.577 Thread 0x0000018050cc8b80 Exception <a 'sun/nio/fs/WindowsException'{0x0000000092364d70}> (0x0000000092364d70) 
thrown [s\src\hotspot\share\prims\jni.cpp, line 537]
Event: 1532.581 Thread 0x0000018058ed3da0 Exception <a 'sun/nio/fs/WindowsException'{0x0000000092382988}> (0x0000000092382988) 
thrown [s\src\hotspot\share\prims\jni.cpp, line 537]

ZGC Phase Switch (0 events):
No events

VM Operations (20 events):
Event: 1531.337 Executing safepoint VM operation: G1TryInitiateConcMark (G1 Humongous Allocation)
Event: 1531.347 Executing safepoint VM operation: G1TryInitiateConcMark (G1 Humongous Allocation) done
Event: 1531.441 Executing safepoint VM operation: G1PauseRemark
Event: 1531.480 Executing safepoint VM operation: G1PauseRemark done
Event: 1531.548 Executing safepoint VM operation: G1PauseCleanup
Event: 1531.549 Executing safepoint VM operation: G1PauseCleanup done
Event: 1531.894 Executing non-safepoint VM operation: HandshakeAllThreads (Deoptimize)
Event: 1531.894 Executing non-safepoint VM operation: HandshakeAllThreads (Deoptimize) done
Event: 1531.984 Executing non-safepoint VM operation: HandshakeAllThreads (Deoptimize)
Event: 1531.985 Executing non-safepoint VM operation: HandshakeAllThreads (Deoptimize) done
Event: 1532.149 Executing safepoint VM operation: ICBufferFull
Event: 1532.149 Executing safepoint VM operation: ICBufferFull done
Event: 1532.392 Executing safepoint VM operation: G1CollectForAllocation (G1 Evacuation Pause)
Event: 1532.401 Executing safepoint VM operation: G1CollectForAllocation (G1 Evacuation Pause) done
Event: 1532.564 Executing non-safepoint VM operation: HandshakeAllThreads (Deoptimize)
Event: 1532.565 Executing non-safepoint VM operation: HandshakeAllThreads (Deoptimize) done
Event: 1532.569 Executing non-safepoint VM operation: HandshakeAllThreads (Deoptimize)
Event: 1532.569 Executing non-safepoint VM operation: HandshakeAllThreads (Deoptimize) done
Event: 1533.581 Executing safepoint VM operation: Cleanup
Event: 1533.581 Executing safepoint VM operation: Cleanup done

Memory protections (0 events):
No events

Nmethod flushes (20 events):
Event: 1531.477 Thread 0x0000018046c4bd90 flushing  nmethod 0x0000018032e59090
Event: 1531.477 Thread 0x0000018046c4bd90 flushing  nmethod 0x0000018032e59810
Event: 1531.477 Thread 0x0000018046c4bd90 flushing  nmethod 0x0000018032e5e790
Event: 1531.477 Thread 0x0000018046c4bd90 flushing  nmethod 0x0000018032e5f390
Event: 1531.477 Thread 0x0000018046c4bd90 flushing  nmethod 0x0000018032e5f990
Event: 1531.477 Thread 0x0000018046c4bd90 flushing  nmethod 0x0000018032e60390
Event: 1531.477 Thread 0x0000018046c4bd90 flushing  nmethod 0x0000018032eb5990
Event: 1531.477 Thread 0x0000018046c4bd90 flushing  nmethod 0x0000018032eb6210
Event: 1531.477 Thread 0x0000018046c4bd90 flushing  nmethod 0x0000018032eb6a10
Event: 1531.477 Thread 0x0000018046c4bd90 flushing  nmethod 0x0000018032eb6f90
Event: 1531.477 Thread 0x0000018046c4bd90 flushing  nmethod 0x0000018032eb7390
Event: 1531.477 Thread 0x0000018046c4bd90 flushing  nmethod 0x0000018032ebb890
Event: 1531.477 Thread 0x0000018046c4bd90 flushing  nmethod 0x0000018032f31190
Event: 1531.477 Thread 0x0000018046c4bd90 flushing  nmethod 0x0000018032f32610
Event: 1531.477 Thread 0x0000018046c4bd90 flushing  nmethod 0x0000018032fa9d10
Event: 1531.477 Thread 0x0000018046c4bd90 flushing  nmethod 0x0000018032faa910
Event: 1531.477 Thread 0x0000018046c4bd90 flushing  nmethod 0x0000018032fad510
Event: 1531.477 Thread 0x0000018046c4bd90 flushing  nmethod 0x0000018033006310
Event: 1531.477 Thread 0x0000018046c4bd90 flushing  nmethod 0x0000018033006690
Event: 1531.477 Thread 0x0000018046c4bd90 flushing  nmethod 0x0000018033007790

Events (20 events):
Event: 1530.154 Thread 0x0000018046cfa1c0 Thread added: 0x00000180527d1550
Event: 1530.467 Thread 0x000001804f7e04b0 Thread added: 0x0000018050cc5d90
Event: 1530.469 Thread 0x000001804f7e04b0 Thread added: 0x0000018050cc6420
Event: 1530.470 Thread 0x000001804f7e04b0 Thread added: 0x0000018050cc49e0
Event: 1530.470 Thread 0x000001804f7e04b0 Thread added: 0x0000018050cc6ab0
Event: 1530.471 Thread 0x000001804f7e04b0 Thread added: 0x0000018050cc7140
Event: 1530.472 Thread 0x000001804f7e04b0 Thread added: 0x0000018050cc5070
Event: 1530.474 Thread 0x000001804f7e04b0 Thread added: 0x0000018050cc77d0
Event: 1530.474 Thread 0x000001804f7e04b0 Thread added: 0x0000018050cc4350
Event: 1530.475 Thread 0x000001804f7e04b0 Thread added: 0x0000018050ccb2e0
Event: 1530.477 Thread 0x000001804f7e04b0 Thread added: 0x0000018050cc8b80
Event: 1530.478 Thread 0x000001804f7e04b0 Thread added: 0x0000018050cc9210
Event: 1531.404 Thread 0x0000018050ccb2e0 Thread added: 0x0000018050cca5c0
Event: 1531.561 Thread 0x00000180527d00e0 Thread exited: 0x00000180527d00e0
Event: 1531.561 Thread 0x00000180527d1550 Thread exited: 0x00000180527d1550
Event: 1531.685 Thread 0x0000018046cfa1c0 Thread added: 0x00000180519fe930
Event: 1531.685 Thread 0x0000018046cfa1c0 Thread added: 0x0000018051a00b40
Event: 1531.900 Thread 0x0000018050ccb2e0 Thread added: 0x0000018058ed4430
Event: 1531.900 Thread 0x0000018050ccb2e0 Thread added: 0x0000018058ed3080
Event: 1532.580 Thread 0x0000018050cc8b80 Thread added: 0x0000018058ed3da0


Dynamic libraries:
0x00007ff68ba80000 - 0x00007ff68ba8a000 	C:\Program Files\Android\Android Studio\jbr\bin\java.exe
0x00007ffac6f20000 - 0x00007ffac7187000 	C:\WINDOWS\SYSTEM32\ntdll.dll
0x00007ffac5a10000 - 0x00007ffac5ad9000 	C:\WINDOWS\System32\KERNEL32.DLL
0x00007ffac3df0000 - 0x00007ffac41e7000 	C:\WINDOWS\System32\KERNELBASE.dll
0x00007ffac3950000 - 0x00007ffac3a9b000 	C:\WINDOWS\System32\ucrtbase.dll
0x00007ffaa94b0000 - 0x00007ffaa94cb000 	C:\Program Files\Android\Android Studio\jbr\bin\VCRUNTIME140.dll
0x00007ffaad5b0000 - 0x00007ffaad5c8000 	C:\Program Files\Android\Android Studio\jbr\bin\jli.dll
0x00007ffac6b60000 - 0x00007ffac6d26000 	C:\WINDOWS\System32\USER32.dll
0x00007ffaaa740000 - 0x00007ffaaa9d2000 	C:\WINDOWS\WinSxS\amd64_microsoft.windows.common-controls_6595b64144ccf1df_6.0.26100.8457_none_3e0b2faee331e92d\COMCTL32.dll
0x00007ffac4be0000 - 0x00007ffac4c07000 	C:\WINDOWS\System32\win32u.dll
0x00007ffac6e30000 - 0x00007ffac6ed9000 	C:\WINDOWS\System32\msvcrt.dll
0x00007ffac5160000 - 0x00007ffac518b000 	C:\WINDOWS\System32\GDI32.dll
0x00007ffac3aa0000 - 0x00007ffac3bcc000 	C:\WINDOWS\System32\gdi32full.dll
0x00007ffac3d40000 - 0x00007ffac3de3000 	C:\WINDOWS\System32\msvcp_win.dll
0x00007ffac5be0000 - 0x00007ffac5c12000 	C:\WINDOWS\System32\IMM32.DLL
0x00007ffab0cd0000 - 0x00007ffab0cdc000 	C:\Program Files\Android\Android Studio\jbr\bin\vcruntime140_1.dll
0x00007ffa85c60000 - 0x00007ffa85ced000 	C:\Program Files\Android\Android Studio\jbr\bin\msvcp140.dll
0x00007ffa3f3a0000 - 0x00007ffa40036000 	C:\Program Files\Android\Android Studio\jbr\bin\server\jvm.dll
0x00007ffac4e50000 - 0x00007ffac4f06000 	C:\WINDOWS\System32\ADVAPI32.dll
0x00007ffac52c0000 - 0x00007ffac5367000 	C:\WINDOWS\System32\sechost.dll
0x00007ffac5370000 - 0x00007ffac5488000 	C:\WINDOWS\System32\RPCRT4.dll
0x00007ffac6d40000 - 0x00007ffac6dc0000 	C:\WINDOWS\System32\WS2_32.dll
0x00007ffac37b0000 - 0x00007ffac380e000 	C:\WINDOWS\SYSTEM32\POWRPROF.dll
0x00007ffaac720000 - 0x00007ffaac72b000 	C:\WINDOWS\SYSTEM32\VERSION.dll
0x00007ffab7f20000 - 0x00007ffab7f56000 	C:\WINDOWS\SYSTEM32\WINMM.dll
0x00007ffac3790000 - 0x00007ffac37a4000 	C:\WINDOWS\SYSTEM32\UMPDC.dll
0x00007ffac26e0000 - 0x00007ffac26fb000 	C:\WINDOWS\SYSTEM32\kernel.appcore.dll
0x00007ffaace40000 - 0x00007ffaace4a000 	C:\Program Files\Android\Android Studio\jbr\bin\jimage.dll
0x00007ffac1a20000 - 0x00007ffac1c62000 	C:\WINDOWS\SYSTEM32\DBGHELP.DLL
0x00007ffac5d40000 - 0x00007ffac60c3000 	C:\WINDOWS\System32\combase.dll
0x00007ffac5490000 - 0x00007ffac5569000 	C:\WINDOWS\System32\OLEAUT32.dll
0x00007ffa92030000 - 0x00007ffa9206b000 	C:\WINDOWS\SYSTEM32\dbgcore.DLL
0x00007ffac3bd0000 - 0x00007ffac3c78000 	C:\WINDOWS\System32\bcryptPrimitives.dll
0x00007ffaba850000 - 0x00007ffaba85e000 	C:\Program Files\Android\Android Studio\jbr\bin\instrument.dll
0x00007ffa95540000 - 0x00007ffa95560000 	C:\Program Files\Android\Android Studio\jbr\bin\java.dll
0x00007ffa932e0000 - 0x00007ffa932f8000 	C:\Program Files\Android\Android Studio\jbr\bin\zip.dll
0x00007ffac60d0000 - 0x00007ffac683e000 	C:\WINDOWS\System32\SHELL32.dll
0x00007ffac4370000 - 0x00007ffac4bdc000 	C:\WINDOWS\System32\windows.storage.dll
0x00007ffac5c20000 - 0x00007ffac5d16000 	C:\WINDOWS\System32\SHCORE.dll
0x00007ffac4f10000 - 0x00007ffac4f76000 	C:\WINDOWS\System32\shlwapi.dll
0x00007ffac3870000 - 0x00007ffac3899000 	C:\WINDOWS\SYSTEM32\profapi.dll
0x00007ffa95530000 - 0x00007ffa95540000 	C:\Program Files\Android\Android Studio\jbr\bin\net.dll
0x00007ffab9eb0000 - 0x00007ffab9fd9000 	C:\WINDOWS\SYSTEM32\WINHTTP.dll
0x00007ffac2c50000 - 0x00007ffac2cbc000 	C:\WINDOWS\system32\mswsock.dll
0x00007ffa8edf0000 - 0x00007ffa8ee06000 	C:\Program Files\Android\Android Studio\jbr\bin\nio.dll
0x00007ffa8cd00000 - 0x00007ffa8cd10000 	C:\Program Files\Android\Android Studio\jbr\bin\verify.dll
0x00007ffa8ef90000 - 0x00007ffa8efb7000 	C:\Users\Asus\.gradle\native\660c5614fbf4a5f2a75b1949f50a0caf5cd603558e7d8a26e50b933a0cfb79d1\windows-amd64\native-platform.dll
0x00007ffa83fb0000 - 0x00007ffa84027000 	C:\Users\Asus\.gradle\native\0.2.8\x86_64-windows-gnu\gradle-fileevents.dll
0x00007ffa8ede0000 - 0x00007ffa8ede9000 	C:\Program Files\Android\Android Studio\jbr\bin\management.dll
0x00007ffa8dcf0000 - 0x00007ffa8dcfb000 	C:\Program Files\Android\Android Studio\jbr\bin\management_ext.dll
0x00007ffac6d30000 - 0x00007ffac6d38000 	C:\WINDOWS\System32\PSAPI.DLL
0x00007ffac20a0000 - 0x00007ffac20d2000 	C:\WINDOWS\SYSTEM32\IPHLPAPI.DLL
0x00007ffac68e0000 - 0x00007ffac68ea000 	C:\WINDOWS\System32\NSI.dll
0x00007ffa8f0a0000 - 0x00007ffa8f0a9000 	C:\Program Files\Android\Android Studio\jbr\bin\extnet.dll
0x00007ffac2f30000 - 0x00007ffac2f4b000 	C:\WINDOWS\SYSTEM32\CRYPTSP.dll
0x00007ffac2640000 - 0x00007ffac2679000 	C:\WINDOWS\system32\rsaenh.dll
0x00007ffac2d00000 - 0x00007ffac2d33000 	C:\WINDOWS\SYSTEM32\USERENV.dll
0x00007ffac3840000 - 0x00007ffac386a000 	C:\WINDOWS\SYSTEM32\bcrypt.dll
0x00007ffac2f50000 - 0x00007ffac2f5c000 	C:\WINDOWS\SYSTEM32\CRYPTBASE.dll
0x00007ffa91960000 - 0x00007ffa91968000 	C:\WINDOWS\system32\wshunix.dll
0x00007ffac2130000 - 0x00007ffac2262000 	C:\WINDOWS\SYSTEM32\DNSAPI.dll
0x00007ffab7940000 - 0x00007ffab794b000 	C:\Windows\System32\rasadhlp.dll
0x00007ffabba00000 - 0x00007ffabba86000 	C:\WINDOWS\System32\fwpuclnt.dll
0x00007ffac2800000 - 0x00007ffac2836000 	C:\WINDOWS\SYSTEM32\ntmarta.dll

JVMTI agents:
C:\Users\Asus\.gradle\wrapper\dists\gradle-9.4.1-bin\arn2x92ynaizyzdaamcbpbhtj\gradle-9.4.1\lib\agents\gradle-instrumentation-agent-9.4.1.jar path:C:\Program Files\Android\Android Studio\jbr\bin\instrument.dll, loaded, initialized, instrumentlib options:none

dbghelp: loaded successfully - version: 4.0.5 - missing functions: none
symbol engine: initialized successfully - sym options: 0x614 - pdb path: .;C:\Program Files\Android\Android Studio\jbr\bin;C:\WINDOWS\SYSTEM32;C:\WINDOWS\WinSxS\amd64_microsoft.windows.common-controls_6595b64144ccf1df_6.0.26100.8457_none_3e0b2faee331e92d;C:\Program Files\Android\Android Studio\jbr\bin\server;C:\Users\Asus\.gradle\native\660c5614fbf4a5f2a75b1949f50a0caf5cd603558e7d8a26e50b933a0cfb79d1\windows-amd64;C:\Users\Asus\.gradle\native\0.2.8\x86_64-windows-gnu

VM Arguments:
jvm_args: --add-opens=java.base/java.lang=ALL-UNNAMED --add-opens=java.base/java.lang.invoke=ALL-UNNAMED --add-opens=java.base/java.util=ALL-UNNAMED --add-opens=java.prefs/java.util.prefs=ALL-UNNAMED --add-exports=jdk.compiler/com.sun.tools.javac.api=ALL-UNNAMED --add-exports=jdk.compiler/com.sun.tools.javac.util=ALL-UNNAMED --add-opens=java.base/java.util=ALL-UNNAMED --add-opens=java.prefs/java.util.prefs=ALL-UNNAMED --add-opens=java.base/java.nio.charset=ALL-UNNAMED --add-opens=java.base/java.net=ALL-UNNAMED --add-opens=java.base/java.util.concurrent=ALL-UNNAMED --add-opens=java.base/java.util.concurrent.atomic=ALL-UNNAMED --add-opens=java.xml/javax.xml.namespace=ALL-UNNAMED --add-opens=java.base/java.time=ALL-UNNAMED -Xmx2048m -Dfile.encoding=UTF-8 -Duser.country=ID -Duser.language=en -Duser.variant -javaagent:C:\Users\Asus\.gradle\wrapper\dists\gradle-9.4.1-bin\arn2x92ynaizyzdaamcbpbhtj\gradle-9.4.1\lib\agents\gradle-instrumentation-agent-9.4.1.jar 
java_command: org.gradle.launcher.daemon.bootstrap.GradleDaemon 9.4.1
java_class_path (initial): C:\Users\Asus\.gradle\wrapper\dists\gradle-9.4.1-bin\arn2x92ynaizyzdaamcbpbhtj\gradle-9.4.1\lib\gradle-daemon-main-9.4.1.jar
Launcher Type: SUN_STANDARD

[Global flags]
     intx CICompilerCount                          = 4                                         {product} {ergonomic}
     uint ConcGCThreads                            = 3                                         {product} {ergonomic}
     uint G1ConcRefinementThreads                  = 10                                        {product} {ergonomic}
   size_t G1HeapRegionSize                         = 1048576                                   {product} {ergonomic}
    uintx GCDrainStackTargetSize                   = 64                                        {product} {ergonomic}
   size_t InitialHeapSize                          = 264241152                                 {product} {ergonomic}
   size_t MarkStackSize                            = 4194304                                   {product} {ergonomic}
   size_t MaxHeapSize                              = 2147483648                                {product} {command line}
   size_t MaxNewSize                               = 1287651328                                {product} {ergonomic}
   size_t MinHeapDeltaBytes                        = 1048576                                   {product} {ergonomic}
   size_t MinHeapSize                              = 8388608                                   {product} {ergonomic}
    uintx NonNMethodCodeHeapSize                   = 5839372                                {pd product} {ergonomic}
    uintx NonProfiledCodeHeapSize                  = 122909434                              {pd product} {ergonomic}
    uintx ProfiledCodeHeapSize                     = 122909434                              {pd product} {ergonomic}
    uintx ReservedCodeCacheSize                    = 251658240                              {pd product} {ergonomic}
     bool SegmentedCodeCache                       = true                                      {product} {ergonomic}
   size_t SoftMaxHeapSize                          = 2147483648                             {manageable} {ergonomic}
     bool UseCompressedOops                        = true                           {product lp64_product} {ergonomic}
     bool UseG1GC                                  = true                                      {product} {ergonomic}
     bool UseLargePagesIndividualAllocation        = false                                  {pd product} {ergonomic}

Logging:
Log output configuration:
 #0: stdout all=warning uptime,level,tags foldmultilines=false
 #1: stderr all=off uptime,level,tags foldmultilines=false

Release file:
JAVA_VERSION="21.0.10" 
MODULES="java.base java.compiler java.datatransfer java.xml java.prefs java.desktop java.instrument java.logging java.management java.security.sasl java.naming java.rmi java.management.rmi java.net.http java.scripting java.security.jgss java.transaction.xa java.sql java.sql.rowset java.xml.crypto java.se java.smartcardio jdk.accessibility jdk.internal.jvmstat jdk.attach jdk.charsets jdk.internal.opt jdk.zipfs jdk.compiler jdk.crypto.ec jdk.crypto.cryptoki jdk.dynalink jdk.hotspot.agent jdk.httpserver jdk.internal.ed jdk.internal.le jdk.internal.vm.ci jdk.jartool jdk.javadoc jdk.jcmd jdk.jdeps jdk.jdwp.agent jdk.jdi jdk.jfr jdk.jlink jdk.jsobject jdk.localedata jdk.management jdk.management.agent jdk.management.jfr jdk.naming.dns jdk.naming.rmi jdk.net jdk.sctp jdk.security.auth jdk.security.jgss jdk.unsupported jdk.unsupported.desktop jdk.xml.dom" 
IMPLEMENTOR="JetBrains s.r.o." 
JAVA_RUNTIME_VERSION="21.0.10+-14961533-b1163.108" 
LIBC="default" 
OS_ARCH="x86_64" 
OS_NAME="Windows" 
SOURCE=".:git:1351622c2ff2" 

Environment Variables:
PATH=C:\WINDOWS\system32;C:\WINDOWS;C:\WINDOWS\System32\Wbem;C:\WINDOWS\System32\WindowsPowerShell\v1.0\;C:\WINDOWS\System32\OpenSSH\;c:\Program Files (x86)\Microsoft SQL Server\100\Tools\Binn\;c:\Program Files\Microsoft SQL Server\100\Tools\Binn\;c:\Program Files\Microsoft SQL Server\100\DTS\Binn\;c:\Program Files (x86)\Microsoft SQL Server\100\Tools\Binn\VSShell\Common7\IDE\;c:\Program Files (x86)\Microsoft SQL Server\100\DTS\Binn\;C:\MinGW\bin;C:\Program Files\dotnet\;C:\Users\Asus\AppData\Local\Microsoft\WindowsApps;C:\Users\Asus\AppData\Local\Programs\Microsoft VS Code\bin;C:\Users\Asus\AppData\Local\GitHubDesktop\bin;;C:\Users\Asus\AppData\Local\Programs\Ollama;C:\Users\Asus\AppData\Local\Programs\Antigravity\bin;C:\Users\Asus\AppData\Local\Programs\Antigravity IDE\bin
USERNAME=Asus
OS=Windows_NT
PROCESSOR_IDENTIFIER=Intel64 Family 6 Model 154 Stepping 4, GenuineIntel
TMP=C:\Users\Asus\AppData\Local\Temp
TEMP=C:\Users\Asus\AppData\Local\Temp




Periodic native trim disabled

JNI global refs:
JNI global refs: 29, weak refs: 1

JNI global refs memory usage: 835, weak refs: 833

Process memory usage:
Resident Set Size: 708436K (4% of 16455160K total physical memory with 1701372K free physical memory)

OOME stack traces (most recent first):
Classloader memory used:
Loader org.gradle.internal.classloader.VisitableURLClassLoader                         : 50080K
Loader org.gradle.internal.classloader.VisitableURLClassLoader$InstrumentingVisitableURLClassLoader: 44510K
Loader bootstrap                                                                       : 34629K
Loader org.gradle.initialization.MixInLegacyTypesClassLoader                           : 13630K
Loader java.net.URLClassLoader                                                         : 2508K
Loader jdk.internal.reflect.DelegatingClassLoader                                      : 557K
Loader jdk.internal.loader.ClassLoaders$PlatformClassLoader                            : 448K
Loader org.gradle.internal.classloader.VisitableURLClassLoader                         : 226K
Loader jdk.internal.loader.ClassLoaders$AppClassLoader                                 : 192K
Loader org.gradle.groovy.scripts.internal.DefaultScriptCompilationHandler$ScriptClassLoader: 128K
Loader sun.reflect.misc.MethodUtil                                                     : 2984B

Classes loaded by more than one classloader:
Class Program                                                                         : loaded 5 times (x 72B)
Class Build_gradle                                                                    : loaded 3 times (x 126B)
Class com.google.common.base.Equivalence$Identity                                     : loaded 2 times (x 82B)
Class com.google.common.base.PairwiseEquivalence                                      : loaded 2 times (x 83B)
Class com.google.common.collect.RegularImmutableMap$KeySet                            : loaded 2 times (x 152B)
Class org.gradle.internal.classloader.FilteringClassLoader                            : loaded 2 times (x 105B)
Class kotlin.io.FilesKt__FileTreeWalkKt                                               : loaded 2 times (x 71B)
Class kotlin.sequences.FilteringSequence$iterator$1                                   : loaded 2 times (x 79B)
Class kotlin.sequences.SequencesKt__SequenceBuilderKt                                 : loaded 2 times (x 71B)
Class kotlin.collections.CollectionsKt__ReversedViewsKt                               : loaded 2 times (x 71B)
Class [Lcom.google.common.collect.MapMakerInternalMap$Segment;                        : loaded 2 times (x 69B)
Class com.google.common.io.FileWriteMode                                              : loaded 2 times (x 79B)
Class [Lcom.google.common.base.AbstractIterator$State;                                : loaded 2 times (x 69B)
Class com.google.common.base.CharMatcher$IsEither                                     : loaded 2 times (x 111B)
Class org.gradle.internal.classloader.ClassLoaderHierarchy                            : loaded 2 times (x 70B)
Class com.google.common.collect.AbstractMapBasedMultimap$WrappedCollection            : loaded 2 times (x 124B)
Class com.google.common.collect.ImmutableEnumSet                                      : loaded 2 times (x 146B)
Class com.google.common.util.concurrent.ExecutionError                                : loaded 2 times (x 82B)
Class com.google.common.collect.ImmutableList$1                                       : loaded 2 times (x 97B)
Class com.google.common.collect.RegularImmutableMap                                   : loaded 2 times (x 121B)
Class com.google.common.collect.ImmutableMap$MapViewOfValuesAsSingletonSets           : loaded 2 times (x 126B)
Class com.google.common.collect.TransformedListIterator                               : loaded 2 times (x 93B)
Class com.google.common.reflect.TypeCapture                                           : loaded 2 times (x 71B)
Class [Lorg.objectweb.asm.Symbol;                                                     : loaded 2 times (x 69B)
Class org.objectweb.asm.ClassVisitor                                                  : loaded 2 times (x 88B)
Class com.google.common.collect.UnmodifiableListIterator                              : loaded 2 times (x 95B)
Class com.google.common.collect.MapMakerInternalMap$StrongKeyDummyValueEntry$LinkedStrongKeyDummyValueEntry: loaded 2 times (x 82B)
Class com.google.common.collect.MapMakerInternalMap$Strength                          : loaded 2 times (x 80B)
Class com.google.common.base.Platform$JdkPatternCompiler                              : loaded 2 times (x 75B)
Class org.objectweb.asm.MethodTooLargeException                                       : loaded 2 times (x 83B)
Class [Lcom.google.common.cache.CacheBuilder$OneWeigher;                              : loaded 2 times (x 69B)
Class com.google.common.base.Suppliers                                                : loaded 2 times (x 71B)
Class org.gradle.internal.classloader.DefaultClassLoaderFactory                       : loaded 2 times (x 82B)
Class kotlin.sequences.SequencesKt___SequencesKt                                      : loaded 2 times (x 71B)
Class kotlin.collections.AbstractList$Companion                                       : loaded 2 times (x 71B)
Class [Lcom.google.common.collect.AbstractIterator$State;                             : loaded 2 times (x 69B)
Class com.google.common.base.CharMatcher$None                                         : loaded 2 times (x 112B)
Class [Lcom.google.common.collect.ImmutableMapEntry;                                  : loaded 2 times (x 69B)
Class kotlin.text.StringsKt__AppendableKt                                             : loaded 2 times (x 71B)
Class com.google.common.collect.ListMultimap                                          : loaded 2 times (x 70B)
Class com.google.common.collect.ImmutableEnumMap                                      : loaded 2 times (x 126B)
Class com.google.common.collect.ImmutableSet$SerializedForm                           : loaded 2 times (x 73B)
Class com.google.common.collect.Iterators$EmptyModifiableIterator                     : loaded 2 times (x 86B)
Class com.google.common.base.Splitter                                                 : loaded 2 times (x 72B)
Class com.google.common.collect.Sets$1                                                : loaded 2 times (x 139B)
Class org.objectweb.asm.AnnotationVisitor                                             : loaded 2 times (x 78B)
Class org.gradle.api.internal.DefaultClassPathProvider                                : loaded 2 times (x 76B)
Class kotlin.sequences.Sequence                                                       : loaded 2 times (x 70B)
Class kotlin.text.StringsKt__StringNumberConversionsJVMKt                             : loaded 2 times (x 71B)
Class com.google.common.collect.MapMakerInternalMap$Strength$1                        : loaded 2 times (x 80B)
Class com.google.common.collect.Maps$ViewCachingAbstractMap                           : loaded 2 times (x 125B)
Class com.google.common.collect.Sets$2                                                : loaded 2 times (x 139B)
Class [Lorg.gradle.api.internal.ClassPathProvider;                                    : loaded 2 times (x 69B)
Class org.gradle.api.internal.ClassPathProvider                                       : loaded 2 times (x 70B)
Class com.google.common.collect.MapMakerInternalMap$Strength$2                        : loaded 2 times (x 80B)
Class com.google.common.base.AbstractIterator$State                                   : loaded 2 times (x 79B)
Class com.google.common.reflect.Types$ClassOwnership$1                                : loaded 2 times (x 80B)
Class [Lorg.objectweb.asm.AnnotationVisitor;                                          : loaded 2 times (x 69B)
Class com.google.common.collect.Sets$3                                                : loaded 2 times (x 139B)
Class com.google.common.cache.LocalCache$LocalLoadingCache                            : loaded 2 times (x 134B)
Class org.gradle.internal.service.UnknownServiceException                             : loaded 2 times (x 83B)
Class com.google.common.collect.MapMakerInternalMap$StrongValueEntry                  : loaded 2 times (x 70B)
Class com.google.common.reflect.Types$ClassOwnership$2                                : loaded 2 times (x 80B)
Class com.google.common.reflect.TypeResolver                                          : loaded 2 times (x 72B)
Class com.google.common.collect.Sets$4                                                : loaded 2 times (x 139B)
Class org.objectweb.asm.ModuleVisitor                                                 : loaded 2 times (x 81B)
Class com.google.common.cache.LocalCache$Strength$1                                   : loaded 2 times (x 81B)
Class com.google.common.reflect.Types$ClassOwnership$3                                : loaded 2 times (x 71B)
Class com.google.common.util.concurrent.SettableFuture                                : loaded 2 times (x 114B)
Class com.google.common.cache.LocalCache$Strength$2                                   : loaded 2 times (x 81B)
Class kotlin.collections.ArraysKt___ArraysJvmKt                                       : loaded 2 times (x 71B)
Class kotlin.collections.CollectionsKt__CollectionsKt                                 : loaded 2 times (x 71B)
Class kotlin.text.StringsKt__RegexExtensionsJVMKt                                     : loaded 2 times (x 71B)
Class com.google.common.collect.Interners$InternerImpl                                : loaded 2 times (x 75B)
Class com.google.common.collect.Interner                                              : loaded 2 times (x 70B)
Class com.google.common.collect.TransformedIterator                                   : loaded 2 times (x 80B)
Class com.google.common.base.Splitter$1                                               : loaded 2 times (x 77B)
Class com.google.common.cache.LocalCache$Strength$3                                   : loaded 2 times (x 81B)
Class com.google.common.collect.MapDifference                                         : loaded 2 times (x 70B)
Class kotlin._Assertions                                                              : loaded 2 times (x 71B)
Class com.google.common.collect.MapMaker$Dummy                                        : loaded 2 times (x 79B)
Class com.google.common.reflect.Invokable                                             : loaded 2 times (x 103B)
Class org.objectweb.asm.FieldWriter                                                   : loaded 2 times (x 78B)
Class com.google.common.cache.CacheBuilder$NullListener                               : loaded 2 times (x 82B)
Class org.gradle.internal.classpath.TransformedClassPath                              : loaded 2 times (x 96B)
Class org.gradle.internal.classloader.InstrumentingClassLoader                        : loaded 2 times (x 70B)
Class kotlin.enums.EnumEntriesList                                                    : loaded 2 times (x 223B)
Class com.google.common.reflect.Types$ParameterizedTypeImpl                           : loaded 2 times (x 81B)
Class com.google.common.cache.CacheLoader$FunctionToCacheLoader                       : loaded 2 times (x 75B)
Class com.google.common.collect.Iterators$ArrayItr                                    : loaded 2 times (x 97B)
Class com.google.common.collect.ImmutableCollection$Builder                           : loaded 2 times (x 76B)
Class kotlin.comparisons.ComparisonsKt___ComparisonsJvmKt                             : loaded 2 times (x 71B)
Class kotlin.collections.CollectionsKt__IteratorsJVMKt                                : loaded 2 times (x 71B)
Class kotlin.text.StringsKt__StringsKt                                                : loaded 2 times (x 71B)
Class com.google.common.reflect.TypeResolver$TypeVariableKey                          : loaded 2 times (x 72B)
Class com.google.common.base.Joiner                                                   : loaded 2 times (x 79B)
Class com.google.common.base.MoreObjects                                              : loaded 2 times (x 71B)
Class [Lorg.jetbrains.kotlin.com.intellij.openapi.diagnostic.LogLevel;                : loaded 2 times (x 69B)
Class org.jetbrains.kotlin.build.report.metrics.GradleBuildTime                       : loaded 2 times (x 86B)
Class com.google.common.collect.Platform                                              : loaded 2 times (x 71B)
Class [Lorg.objectweb.asm.Type;                                                       : loaded 2 times (x 69B)
Class com.google.common.collect.UnmodifiableIterator                                  : loaded 2 times (x 80B)
Class org.gradle.internal.service.ServiceLocator                                      : loaded 2 times (x 70B)
Class kotlin.Pair                                                                     : loaded 2 times (x 72B)
Class [Lkotlin.Function;                                                              : loaded 2 times (x 69B)
Class com.google.common.base.Ascii                                                    : loaded 2 times (x 71B)
Class com.google.common.collect.SingletonImmutableBiMap                               : loaded 2 times (x 143B)
Class com.google.common.cache.LocalCache$1                                            : loaded 2 times (x 89B)
Class com.google.common.collect.Iterators$SingletonIterator                           : loaded 2 times (x 81B)
Class com.google.common.collect.AbstractMapEntry                                      : loaded 2 times (x 81B)
Class kotlin.io.CloseableKt                                                           : loaded 2 times (x 71B)
Class kotlin.collections.CollectionsKt__MutableCollectionsKt                          : loaded 2 times (x 71B)
Class com.google.common.collect.AbstractSetMultimap                                   : loaded 2 times (x 174B)
Class com.google.common.collect.MapMakerInternalMap$AbstractStrongKeyEntry            : loaded 2 times (x 80B)
Class com.google.common.reflect.TypeToken$SimpleTypeToken                             : loaded 2 times (x 73B)
Class com.google.common.collect.Sets$ImprovedAbstractSet                              : loaded 2 times (x 135B)
Class com.google.common.collect.ImmutableList$Builder                                 : loaded 2 times (x 77B)
Class com.google.common.collect.AbstractMultimap                                      : loaded 2 times (x 123B)
Class com.google.common.cache.LocalCache$2                                            : loaded 2 times (x 142B)
Class kotlin.io.TerminateException                                                    : loaded 2 times (x 82B)
Class kotlin.io.FilesKt__FilePathComponentsKt                                         : loaded 2 times (x 71B)
Class com.google.common.collect.RegularImmutableAsList                                : loaded 2 times (x 217B)
Class com.google.common.base.Optional                                                 : loaded 2 times (x 80B)
Class com.google.common.util.concurrent.AbstractFuture$Trusted                        : loaded 2 times (x 70B)
Class com.google.common.collect.Iterators                                             : loaded 2 times (x 71B)
Class [Lorg.jetbrains.kotlin.build.report.metrics.BuildTime;                          : loaded 2 times (x 69B)
Class com.google.common.io.ByteSink$AsCharSink                                        : loaded 2 times (x 80B)
Class com.google.common.collect.Lists$StringAsImmutableList                           : loaded 2 times (x 207B)
Class com.google.common.util.concurrent.UncheckedExecutionException                   : loaded 2 times (x 82B)
Class org.gradle.kotlin.dsl.VersionCatalogAccessorsKt                                 : loaded 2 times (x 71B)
Class kotlin.collections.EmptyList                                                    : loaded 2 times (x 174B)
Class kotlin.collections.MapsKt__MapsJVMKt                                            : loaded 2 times (x 71B)
Class com.google.common.collect.HashMultimapGwtSerializationDependencies              : loaded 2 times (x 174B)
Class com.google.common.collect.AbstractMapBasedMultimap$KeySet$1                     : loaded 2 times (x 82B)
Class org.objectweb.asm.ClassWriter                                                   : loaded 2 times (x 106B)
Class com.google.common.base.CharMatcher$And                                          : loaded 2 times (x 112B)
Class com.google.common.cache.CacheLoader$UnsupportedLoadingOperationException        : loaded 2 times (x 82B)
Class com.google.common.collect.FluentIterable$1                                      : loaded 2 times (x 81B)
Class com.google.common.base.Objects                                                  : loaded 2 times (x 71B)
Class org.objectweb.asm.FieldVisitor                                                  : loaded 2 times (x 77B)
Class com.google.common.collect.IndexedImmutableSet                                   : loaded 2 times (x 152B)
Class com.google.common.collect.ImmutableMap$1                                        : loaded 2 times (x 81B)
Class com.google.common.collect.BiMap                                                 : loaded 2 times (x 70B)
Class org.gradle.api.internal.classpath.DefaultModuleRegistry$DefaultModule           : loaded 2 times (x 82B)
Class com.google.common.base.Absent                                                   : loaded 2 times (x 80B)
Class com.google.common.collect.FluentIterable$2                                      : loaded 2 times (x 81B)
Class com.google.common.reflect.Reflection                                            : loaded 2 times (x 71B)
Class com.google.common.primitives.Ints                                               : loaded 2 times (x 71B)
Class com.google.common.collect.AbstractIterator                                      : loaded 2 times (x 82B)
Class kotlin.collections.ArraysKt__ArraysKt                                           : loaded 2 times (x 71B)
Class com.google.common.collect.FluentIterable$3                                      : loaded 2 times (x 81B)
Class com.google.common.collect.ObjectArrays                                          : loaded 2 times (x 71B)
Class com.google.common.math.MathPreconditions                                        : loaded 2 times (x 71B)
Class com.google.common.collect.Multiset                                              : loaded 2 times (x 70B)
Class com.google.common.collect.ArrayListMultimapGwtSerializationDependencies         : loaded 2 times (x 172B)
Class com.google.common.collect.AbstractIndexedListIterator                           : loaded 2 times (x 96B)
Class kotlin.collections.SetsKt__SetsJVMKt                                            : loaded 2 times (x 71B)
Class kotlin.Function                                                                 : loaded 2 times (x 70B)
Class com.google.common.collect.ImmutableMapEntrySet                                  : loaded 2 times (x 152B)
Class org.gradle.api.internal.classpath.Module                                        : loaded 2 times (x 70B)
Class kotlin.io.FileAlreadyExistsException                                            : loaded 2 times (x 82B)
Class com.google.common.cache.Weigher                                                 : loaded 2 times (x 70B)
Class org.gradle.api.internal.classpath.UnknownModuleException                        : loaded 2 times (x 82B)
Class com.google.common.base.Stopwatch                                                : loaded 2 times (x 72B)
Class com.google.common.cache.LocalCache$Strength                                     : loaded 2 times (x 81B)
Class com.google.common.cache.Cache                                                   : loaded 2 times (x 70B)
Class org.jetbrains.kotlin.build.report.metrics.BuildMetricsReporter                  : loaded 2 times (x 70B)
Class com.google.common.base.NullnessCasts                                            : loaded 2 times (x 71B)
Class com.google.common.util.concurrent.AbstractFuture$Cancellation                   : loaded 2 times (x 72B)
Class com.google.common.collect.ImmutableMap$Builder                                  : loaded 2 times (x 82B)
Class com.google.common.base.Present                                                  : loaded 2 times (x 81B)
Class com.google.common.collect.AbstractMapBasedMultimap$WrappedCollection$WrappedIterator: loaded 2 times (x 84B)
Class com.google.common.cache.RemovalListener                                         : loaded 2 times (x 70B)
Class org.gradle.api.internal.DefaultClassPathRegistry                                : loaded 2 times (x 76B)
Class com.google.common.reflect.Invokable$ConstructorInvokable                        : loaded 2 times (x 107B)
Class com.google.common.primitives.IntsMethodsForWeb                                  : loaded 2 times (x 71B)
Class com.google.common.collect.Multimap                                              : loaded 2 times (x 70B)
Class org.gradle.internal.classpath.DefaultClassPath$ImmutableUniqueList              : loaded 2 times (x 199B)
Class org.gradle.api.internal.ClassPathRegistry                                       : loaded 2 times (x 70B)
Class kotlin.text.StringsKt__StringsJVMKt                                             : loaded 2 times (x 71B)
Class com.google.common.collect.MapMakerInternalMap$Segment                           : loaded 2 times (x 142B)
Class com.google.common.reflect.TypeToken                                             : loaded 2 times (x 73B)
Class com.google.common.base.ExtraObjectsMethodsForWeb                                : loaded 2 times (x 71B)
Class kotlin.collections.SetsKt                                                       : loaded 2 times (x 71B)
Class kotlin.text.StringsKt__IndentKt                                                 : loaded 2 times (x 71B)
Class com.google.common.collect.BaseImmutableMultimap                                 : loaded 2 times (x 123B)
Class com.google.common.io.ByteSink                                                   : loaded 2 times (x 76B)
Class com.google.common.cache.CacheBuilder                                            : loaded 2 times (x 72B)
Class com.google.common.collect.SingletonImmutableList                                : loaded 2 times (x 207B)
Class Settings_gradle$1                                                               : loaded 2 times (x 74B)
Class org.gradle.internal.classpath.ClassPath                                         : loaded 2 times (x 70B)
Class com.google.common.collect.Interners$InternerBuilder                             : loaded 2 times (x 76B)
Class com.google.common.io.Files$FileByteSource                                       : loaded 2 times (x 85B)
Class [Lcom.google.common.reflect.Types$JavaVersion;                                  : loaded 2 times (x 69B)
Class com.google.common.base.JdkPattern                                               : loaded 2 times (x 75B)
Class com.google.common.collect.ImmutableList$ReverseImmutableList                    : loaded 2 times (x 209B)
Class org.jetbrains.kotlin.com.intellij.openapi.diagnostic.Logger                     : loaded 2 times (x 99B)
Class kotlin.collections.MapsKt__MapsKt                                               : loaded 2 times (x 71B)
Class org.objectweb.asm.SymbolTable$Entry                                             : loaded 2 times (x 74B)
Class org.gradle.api.internal.classpath.DefaultModuleRegistry$DefaultModuleAlias      : loaded 2 times (x 80B)
Class org.objectweb.asm.Edge                                                          : loaded 2 times (x 72B)
Class com.google.common.base.Suppliers$SupplierOfInstance                             : loaded 2 times (x 79B)
Class com.google.common.collect.Iterators$1                                           : loaded 2 times (x 81B)
Class kotlin.UninitializedPropertyAccessException                                     : loaded 2 times (x 82B)
Class com.google.common.reflect.TypeToken$1                                           : loaded 2 times (x 110B)
Class com.google.common.cache.LocalCache$ComputingValueReference                      : loaded 2 times (x 96B)
Class com.google.common.collect.SingletonImmutableSet                                 : loaded 2 times (x 146B)
Class com.google.common.collect.ImmutableMap$IteratorBasedImmutableMap                : loaded 2 times (x 126B)
Class com.google.common.reflect.TypeToken$2                                           : loaded 2 times (x 110B)
Class com.google.common.cache.LocalCache$Segment                                      : loaded 2 times (x 154B)
Class com.google.common.collect.AbstractListMultimap                                  : loaded 2 times (x 172B)
Class [Lorg.objectweb.asm.SymbolTable$Entry;                                          : loaded 2 times (x 69B)
Class com.google.common.cache.CacheLoader                                             : loaded 2 times (x 74B)
Class com.google.common.collect.Iterators$4                                           : loaded 2 times (x 82B)
Class com.google.common.collect.ImmutableBiMap                                        : loaded 2 times (x 143B)
Class org.gradle.api.internal.classpath.ModuleRegistry                                : loaded 2 times (x 70B)
Class org.gradle.internal.installation.GradleInstallation$1                           : loaded 2 times (x 75B)
Class com.google.common.base.Splitter$SplittingIterator                               : loaded 2 times (x 84B)
Class com.google.common.collect.ImmutableSet$JdkBackedSetBuilderImpl                  : loaded 2 times (x 76B)
Class com.google.common.util.concurrent.internal.InternalFutureFailureAccess          : loaded 2 times (x 72B)
Class com.google.common.collect.Iterators$5                                           : loaded 2 times (x 82B)
Class com.google.common.base.CharMatcher$ForPredicate                                 : loaded 2 times (x 112B)
Class com.google.common.cache.LocalCache$LocalManualCache$1                           : loaded 2 times (x 75B)
Class ijKotlinCoroutineJvmDebugInit1_cm195bt44q3i5izc2mg8taang                        : loaded 2 times (x 171B)
Class kotlin.io.FilesKt__UtilsKt                                                      : loaded 2 times (x 71B)
Class kotlin.collections.CollectionsKt__CollectionsJVMKt                              : loaded 2 times (x 71B)
Class com.google.common.base.CharMatcher$AnyOf                                        : loaded 2 times (x 112B)
Class com.google.common.collect.ImmutableCollection                                   : loaded 2 times (x 125B)
Class ijKotlinCoroutineJvmDebugInit1_cm195bt44q3i5izc2mg8taang$_run_closure1          : loaded 2 times (x 139B)
Class org.gradle.api.internal.classpath.DefaultModuleRegistry                         : loaded 2 times (x 84B)
Class kotlin.sequences.SequencesKt                                                    : loaded 2 times (x 71B)
Class kotlin.collections.CollectionsKt__IteratorsKt                                   : loaded 2 times (x 71B)
Class org.jetbrains.kotlin.build.report.metrics.GradleBuildTime$Companion             : loaded 2 times (x 71B)
Class com.google.common.collect.Lists                                                 : loaded 2 times (x 71B)
Class com.google.common.util.concurrent.ListenableFuture                              : loaded 2 times (x 70B)
Class com.google.common.cache.ReferenceEntry                                          : loaded 2 times (x 70B)
Class com.google.common.base.Converter                                                : loaded 2 times (x 90B)
Class com.google.common.collect.ImmutableSet$CachingAsList                            : loaded 2 times (x 148B)
Class org.jetbrains.kotlin.com.intellij.openapi.diagnostic.Logger$DefaultFactory      : loaded 2 times (x 74B)
Class kotlin.text.StringsKt                                                           : loaded 2 times (x 71B)
Class com.google.common.collect.AbstractMapBasedMultimap                              : loaded 2 times (x 139B)
Class com.google.common.util.concurrent.AbstractFuture                                : loaded 2 times (x 106B)
Class com.google.common.base.FunctionalEquivalence                                    : loaded 2 times (x 83B)
Class com.google.common.collect.Iterators$9                                           : loaded 2 times (x 81B)
Class com.google.common.collect.ImmutableAsList                                       : loaded 2 times (x 209B)
Class kotlin.LazyKt__LazyJVMKt                                                        : loaded 2 times (x 71B)
Class com.google.common.reflect.TypeResolver$TypeTable                                : loaded 2 times (x 73B)
Class org.objectweb.asm.RecordComponentVisitor                                        : loaded 2 times (x 77B)
Class com.google.common.cache.CacheLoader$SupplierToCacheLoader                       : loaded 2 times (x 75B)
Class kotlin.io.FilesKt__FileReadWriteKt                                              : loaded 2 times (x 71B)
Class kotlin.text.StringsKt__StringNumberConversionsKt                                : loaded 2 times (x 71B)
Class com.google.common.reflect.TypeResolver$TypeTable$1                              : loaded 2 times (x 73B)
Class com.google.common.collect.Maps$EntryTransformer                                 : loaded 2 times (x 70B)
Class org.gradle.internal.service.ServiceLookupException                              : loaded 2 times (x 82B)
Class org.jetbrains.kotlin.com.intellij.openapi.diagnostic.LogLevel                   : loaded 2 times (x 79B)
Class [Lcom.google.common.cache.LocalCache$EntryFactory;                              : loaded 2 times (x 69B)
Class org.gradle.internal.classloader.ClassLoaderFactory                              : loaded 2 times (x 70B)
Class com.google.common.collect.ImmutableMap$SerializedForm                           : loaded 2 times (x 73B)
Class com.google.common.base.CommonPattern                                            : loaded 2 times (x 74B)
Class com.google.common.base.CharMatcher$IsNot                                        : loaded 2 times (x 111B)
Class com.google.common.cache.LocalCache$LocalManualCache                             : loaded 2 times (x 99B)
Class org.gradle.internal.service.CachingServiceLocator                               : loaded 2 times (x 82B)
Class com.google.common.collect.AbstractMapBasedMultimap$KeySet                       : loaded 2 times (x 137B)
Class com.google.common.math.IntMath                                                  : loaded 2 times (x 71B)
Class org.jetbrains.kotlin.build.report.metrics.BuildTime                             : loaded 2 times (x 70B)
Class com.google.common.collect.MapMakerInternalMap$InternalEntry                     : loaded 2 times (x 70B)
Class com.google.common.reflect.Types$TypeVariableInvocationHandler                   : loaded 2 times (x 75B)
Class com.google.common.collect.ImmutableMapEntry                                     : loaded 2 times (x 85B)
Class kotlin.enums.EnumEntries                                                        : loaded 2 times (x 70B)
Class org.jetbrains.kotlin.build.report.metrics.DoNothingBuildMetricsReporter         : loaded 2 times (x 86B)
Class com.google.common.collect.ImmutableMultimap                                     : loaded 2 times (x 147B)
Class com.google.common.base.Equivalence                                              : loaded 2 times (x 82B)
Class com.google.common.base.Function                                                 : loaded 2 times (x 70B)
Class com.google.common.collect.ImmutableMapEntry$NonTerminalImmutableMapEntry        : loaded 2 times (x 85B)
Class com.google.common.collect.IndexedImmutableSet$1                                 : loaded 2 times (x 213B)
Class com.google.common.cache.CacheBuilder$OneWeigher                                 : loaded 2 times (x 82B)
Class com.google.common.collect.RegularImmutableList                                  : loaded 2 times (x 213B)
Class ijJvmDebugger1_7sfvz360tqm6fbo7y3765vecg                                        : loaded 2 times (x 171B)
Class org.jetbrains.kotlin.com.intellij.openapi.diagnostic.Logger$Factory             : loaded 2 times (x 70B)
Class com.google.common.reflect.Types$ClassOwnership$1LocalClass                      : loaded 2 times (x 71B)
Class org.gradle.internal.classloader.ClasspathUtil                                   : loaded 2 times (x 71B)
Class kotlin.io.FileSystemException                                                   : loaded 2 times (x 82B)
Class com.google.common.util.concurrent.Uninterruptibles                              : loaded 2 times (x 71B)
Class com.google.common.collect.AbstractMapBasedMultimap$WrappedSet                   : loaded 2 times (x 142B)
Class com.google.common.util.concurrent.LazyLogger                                    : loaded 2 times (x 72B)
Class com.google.common.collect.Maps                                                  : loaded 2 times (x 71B)
Class org.gradle.api.specs.Spec                                                       : loaded 2 times (x 70B)
Class com.google.common.collect.MapMaker                                              : loaded 2 times (x 72B)
Class com.google.common.reflect.Types$JavaVersion                                     : loaded 2 times (x 83B)
Class [Lcom.google.common.collect.ImmutableEntry;                                     : loaded 2 times (x 69B)
Class com.google.common.cache.LocalCache$LoadingValueReference                        : loaded 2 times (x 96B)
Class kotlin.SynchronizedLazyImpl                                                     : loaded 2 times (x 76B)
Class kotlin.text.StringsKt__RegexExtensionsKt                                        : loaded 2 times (x 71B)
Class com.google.common.collect.MapMakerInternalMap$StrongKeyDummyValueEntry          : loaded 2 times (x 82B)
Class com.google.common.reflect.Invokable$MethodInvokable                             : loaded 2 times (x 107B)
Class com.google.common.base.Platform                                                 : loaded 2 times (x 71B)
Class kotlin.sequences.SequencesKt__SequencesJVMKt                                    : loaded 2 times (x 71B)
Class kotlin.collections.AbstractList                                                 : loaded 2 times (x 197B)
Class kotlin.collections.AbstractCollection                                           : loaded 2 times (x 117B)
Class com.google.common.collect.AbstractMapBasedMultimap$WrappedList                  : loaded 2 times (x 205B)
Class [Lorg.objectweb.asm.AnnotationWriter;                                           : loaded 2 times (x 69B)
Class com.google.common.collect.Maps$8                                                : loaded 2 times (x 82B)
Class ijJvmDebugger1_7sfvz360tqm6fbo7y3765vecg$_run_closure1$_closure2                : loaded 2 times (x 140B)
Class kotlin.LazyKt__LazyKt                                                           : loaded 2 times (x 71B)
Class kotlin.text.StringsKt__StringBuilderJVMKt                                       : loaded 2 times (x 71B)
Class [Lcom.google.common.collect.Iterators$EmptyModifiableIterator;                  : loaded 2 times (x 69B)
Class com.google.common.collect.Sets$SetView                                          : loaded 2 times (x 138B)
Class com.google.common.cache.LocalCache$StrongValueReference                         : loaded 2 times (x 90B)
Class kotlin.UNINITIALIZED_VALUE                                                      : loaded 2 times (x 71B)
Class com.google.common.graph.SuccessorsFunction                                      : loaded 2 times (x 70B)
Class org.objectweb.asm.Type                                                          : loaded 2 times (x 72B)
Class org.gradle.internal.classloader.VisitableURLClassLoader$InstrumentingVisitableURLClassLoader: loaded 2 times (x 123B)
Class kotlin.comparisons.ComparisonsKt__ComparisonsKt                                 : loaded 2 times (x 71B)
Class kotlin.ranges.RangesKt__RangesKt                                                : loaded 2 times (x 71B)
Class kotlin.collections.SetsKt___SetsKt                                              : loaded 2 times (x 71B)
Class kotlin.sequences.SequencesKt__SequencesKt                                       : loaded 2 times (x 71B)
Class com.google.common.collect.MapMakerInternalMap$StrongKeyDummyValueEntry$Helper   : loaded 2 times (x 79B)
Class com.google.common.io.Files$FileByteSink                                         : loaded 2 times (x 77B)
Class com.google.common.math.IntMath$1                                                : loaded 2 times (x 71B)
Class org.objectweb.asm.ByteVector                                                    : loaded 2 times (x 79B)
Class [Lcom.google.common.cache.CacheBuilder$NullListener;                            : loaded 2 times (x 69B)
Class org.gradle.internal.classloader.VisitableURLClassLoader$Spec                    : loaded 2 times (x 74B)
Class org.gradle.internal.classpath.DefaultClassPath                                  : loaded 2 times (x 90B)
Class kotlin.comparisons.ComparisonsKt                                                : loaded 2 times (x 71B)
Class kotlin.comparisons.ComparisonsKt___ComparisonsKt                                : loaded 2 times (x 71B)
Class kotlin.sequences.FilteringSequence                                              : loaded 2 times (x 75B)
Class [Lorg.jetbrains.kotlin.build.report.metrics.GradleBuildTime;                    : loaded 2 times (x 69B)
Class com.google.common.base.AbstractIterator                                         : loaded 2 times (x 80B)
Class com.google.common.reflect.Types$ClassOwnership                                  : loaded 2 times (x 80B)
Class org.objectweb.asm.Symbol                                                        : loaded 2 times (x 73B)
Class com.google.common.io.Closer                                                     : loaded 2 times (x 78B)
Class com.google.common.base.CharMatcher$BitSetMatcher                                : loaded 2 times (x 112B)
Class com.google.common.collect.ImmutableSet                                          : loaded 2 times (x 145B)
Class com.google.common.collect.RegularImmutableMap$Values                            : loaded 2 times (x 207B)
Class org.gradle.internal.classloader.ClassLoaderSpec                                 : loaded 2 times (x 71B)
Class kotlin.collections.CollectionsKt___CollectionsJvmKt                             : loaded 2 times (x 71B)
Class org.objectweb.asm.AnnotationWriter                                              : loaded 2 times (x 79B)
Class com.google.common.cache.CacheStats                                              : loaded 2 times (x 71B)
Class kotlin.TuplesKt                                                                 : loaded 2 times (x 71B)
Class kotlin.Unit                                                                     : loaded 2 times (x 71B)
Class kotlin.sequences.SequencesKt___SequencesJvmKt                                   : loaded 2 times (x 71B)
Class com.google.common.collect.Interners                                             : loaded 2 times (x 71B)
Class com.google.common.io.Closer$Suppressor                                          : loaded 2 times (x 70B)
Class com.google.common.io.LineProcessor                                              : loaded 2 times (x 70B)
Class org.objectweb.asm.RecordComponentWriter                                         : loaded 2 times (x 78B)
Class com.google.common.util.concurrent.AbstractFuture$Listener                       : loaded 2 times (x 72B)
Class com.google.common.base.CharMatcher$Or                                           : loaded 2 times (x 112B)
Class Settings_gradle$1$1                                                             : loaded 2 times (x 74B)
Class org.gradle.api.internal.classpath.Module$ModuleAlias                            : loaded 2 times (x 70B)
Class kotlin.ranges.RangesKt                                                          : loaded 2 times (x 71B)
Class org.objectweb.asm.Attribute                                                     : loaded 2 times (x 77B)
Class com.google.common.base.Supplier                                                 : loaded 2 times (x 70B)
Class org.gradle.internal.classloader.VisitableURLClassLoader                         : loaded 2 times (x 117B)
Class kotlin.collections.ArraysUtilJVM                                                : loaded 2 times (x 71B)
Class kotlin.jvm.functions.Function0                                                  : loaded 2 times (x 70B)
Class com.google.common.collect.ImmutableList$SerializedForm                          : loaded 2 times (x 73B)
Class Settings_gradle                                                                 : loaded 2 times (x 124B)
Class org.gradle.internal.Cast                                                        : loaded 2 times (x 71B)
Class org.gradle.api.Action                                                           : loaded 2 times (x 70B)
Class kotlin.jvm.functions.Function1                                                  : loaded 2 times (x 70B)
Class com.google.common.collect.MapMakerInternalMap                                   : loaded 2 times (x 161B)
Class com.google.common.base.Strings                                                  : loaded 2 times (x 71B)
Class com.google.common.collect.Sets                                                  : loaded 2 times (x 71B)
Class org.objectweb.asm.Handler                                                       : loaded 2 times (x 72B)
Class com.google.common.base.CharMatcher$FastMatcher                                  : loaded 2 times (x 111B)
Class com.google.common.base.Ticker                                                   : loaded 2 times (x 72B)
Class kotlin.jvm.functions.Function2                                                  : loaded 2 times (x 70B)
Class [Lcom.google.common.cache.LocalCache$Segment;                                   : loaded 2 times (x 69B)
Class com.google.common.base.Predicate                                                : loaded 2 times (x 70B)
Class [Lcom.google.common.cache.LocalCache$Strength;                                  : loaded 2 times (x 69B)
Class com.google.common.cache.CacheBuilder$1                                          : loaded 2 times (x 85B)
Class com.google.common.collect.ImmutableMap                                          : loaded 2 times (x 120B)
Class org.gradle.internal.classpath.DefaultClassPath$ImmutableUniqueList$Builder      : loaded 2 times (x 75B)
Class kotlin.jvm.functions.Function3                                                  : loaded 2 times (x 70B)
Class kotlin.collections.MapsKt___MapsJvmKt                                           : loaded 2 times (x 71B)
Class com.google.common.collect.MapMakerInternalMap$WeakValueReference                : loaded 2 times (x 70B)
Class com.google.common.base.CharMatcher$NegatedFastMatcher                           : loaded 2 times (x 113B)
Class com.google.common.cache.LocalCache                                              : loaded 2 times (x 187B)
Class com.google.common.cache.CacheBuilder$2                                          : loaded 2 times (x 79B)
Class kotlin.collections.CollectionsKt___CollectionsKt                                : loaded 2 times (x 71B)
Class com.google.common.collect.ArrayListMultimap                                     : loaded 2 times (x 172B)
Class com.google.common.cache.CacheBuilder$3                                          : loaded 2 times (x 72B)
Class [Lcom.google.common.collect.AbstractMapEntry;                                   : loaded 2 times (x 69B)
Class com.google.common.collect.ImmutableEntry                                        : loaded 2 times (x 82B)
Class org.gradle.api.GradleException                                                  : loaded 2 times (x 82B)
Class kotlin.text.StringsKt___StringsJvmKt                                            : loaded 2 times (x 71B)
Class com.google.common.collect.CollectPreconditions                                  : loaded 2 times (x 71B)
Class ijJvmDebugger1_7sfvz360tqm6fbo7y3765vecg$_run_closure1                          : loaded 2 times (x 139B)
Class kotlin.collections.MapsKt___MapsKt                                              : loaded 2 times (x 71B)
Class kotlin.io.FilesKt                                                               : loaded 2 times (x 71B)
Class kotlin.collections.ArraysKt___ArraysKt                                          : loaded 2 times (x 71B)
Class [Lcom.google.common.collect.MapMakerInternalMap$Strength;                       : loaded 2 times (x 69B)
Class [Lcom.google.common.io.FileWriteMode;                                           : loaded 2 times (x 69B)
Class com.google.common.collect.SortedMapDifference                                   : loaded 2 times (x 70B)
Class kotlin.collections.MapsKt__MapWithDefaultKt                                     : loaded 2 times (x 71B)
Class com.google.common.collect.Iterables$4                                           : loaded 2 times (x 81B)
Class com.google.common.collect.MapMakerInternalMap$StrongKeyDummyValueSegment        : loaded 2 times (x 142B)
Class com.google.common.io.Files                                                      : loaded 2 times (x 71B)
Class com.google.common.cache.LocalCache$WriteThroughEntry                            : loaded 2 times (x 79B)
Class com.google.common.cache.LocalCache$HashIterator                                 : loaded 2 times (x 86B)
Class com.google.common.cache.LocalCache$EntryFactory                                 : loaded 2 times (x 83B)
Class kotlin.collections.CollectionsKt__MutableCollectionsJVMKt                       : loaded 2 times (x 71B)
Class kotlin.enums.EnumEntriesKt                                                      : loaded 2 times (x 71B)
Class kotlin.text.StringsKt___StringsKt                                               : loaded 2 times (x 71B)
Class [Lcom.google.common.collect.MapMaker$Dummy;                                     : loaded 2 times (x 69B)
Class com.google.common.base.CharMatcher$Whitespace                                   : loaded 2 times (x 112B)
Class com.google.common.reflect.Types$NativeTypeVariableEquals                        : loaded 2 times (x 71B)
Class com.google.common.reflect.TypeParameter                                         : loaded 2 times (x 72B)
Class com.google.common.cache.LocalCache$AbstractReferenceEntry                       : loaded 2 times (x 107B)
Class org.gradle.internal.IoActions                                                   : loaded 2 times (x 71B)
Class com.google.common.collect.ImmutableMapKeySet                                    : loaded 2 times (x 152B)
Class org.objectweb.asm.SymbolTable                                                   : loaded 2 times (x 72B)
Class com.google.common.cache.CacheLoader$InvalidCacheLoadException                   : loaded 2 times (x 82B)
Class com.google.common.collect.ImmutableSet$RegularSetBuilderImpl                    : loaded 2 times (x 77B)
Class kotlin.jvm.internal.Intrinsics                                                  : loaded 2 times (x 71B)
Class com.google.common.collect.FluentIterable                                        : loaded 2 times (x 81B)
Class com.google.common.cache.LocalCache$StrongEntry                                  : loaded 2 times (x 108B)
Class com.google.common.util.concurrent.AbstractFuture$TrustedFuture                  : loaded 2 times (x 114B)
Class com.google.common.cache.LoadingCache                                            : loaded 2 times (x 70B)
Class kotlin.collections.MapsKt                                                       : loaded 2 times (x 71B)
Class kotlin.collections.CollectionsKt__IterablesKt                                   : loaded 2 times (x 71B)
Class org.objectweb.asm.MethodWriter                                                  : loaded 2 times (x 106B)
Class [Lcom.google.common.cache.Weigher;                                              : loaded 2 times (x 69B)
Class com.google.common.collect.RegularImmutableMap$BucketOverflowException           : loaded 2 times (x 82B)
Class kotlin.KotlinNullPointerException                                               : loaded 2 times (x 83B)
Class com.google.common.collect.AbstractMapBasedMultimap$RandomAccessWrappedList      : loaded 2 times (x 205B)
Class kotlin.ranges.RangesKt___RangesKt                                               : loaded 2 times (x 71B)
Class com.google.common.collect.AbstractIterator$State                                : loaded 2 times (x 79B)
Class com.google.common.reflect.Types$JavaVersion$1                                   : loaded 2 times (x 83B)
Class com.google.common.collect.RegularImmutableBiMap                                 : loaded 2 times (x 149B)
Class com.google.common.base.CharMatcher$Negated                                      : loaded 2 times (x 113B)
Class com.google.common.base.CharMatcher$Is                                           : loaded 2 times (x 111B)
Class com.google.common.cache.LocalCache$ValueReference                               : loaded 2 times (x 70B)
Class org.jetbrains.kotlin.com.intellij.openapi.diagnostic.Attachment                 : loaded 2 times (x 72B)
Class kotlin.collections.ArraysKt                                                     : loaded 2 times (x 71B)
Class com.google.common.reflect.Types$JavaVersion$2                                   : loaded 2 times (x 83B)
Class com.google.common.reflect.Types                                                 : loaded 2 times (x 71B)
Class com.google.common.hash.PrimitiveSink                                            : loaded 2 times (x 70B)
Class com.google.common.base.PatternCompiler                                          : loaded 2 times (x 70B)
Class com.google.common.util.concurrent.AbstractFuture$Failure                        : loaded 2 times (x 72B)
Class com.google.common.base.Equivalence$Equals                                       : loaded 2 times (x 82B)
Class com.google.common.collect.Hashing                                               : loaded 2 times (x 71B)
Class com.google.common.base.Preconditions                                            : loaded 2 times (x 71B)
Class kotlin.collections.SetsKt__SetsKt                                               : loaded 2 times (x 71B)
Class kotlin.LazyKt                                                                   : loaded 2 times (x 71B)
Class com.google.common.collect.ImmutableSetMultimap                                  : loaded 2 times (x 180B)
Class com.google.common.io.CharSink                                                   : loaded 2 times (x 79B)
Class com.google.common.reflect.Types$JavaVersion$3                                   : loaded 2 times (x 83B)
Class com.google.common.base.Joiner$1                                                 : loaded 2 times (x 80B)
Class org.objectweb.asm.Label                                                         : loaded 2 times (x 73B)
Class org.objectweb.asm.CurrentFrame                                                  : loaded 2 times (x 73B)
Class org.objectweb.asm.ClassTooLargeException                                        : loaded 2 times (x 83B)
Class com.google.common.base.CharMatcher                                              : loaded 2 times (x 111B)
Class com.google.common.collect.PeekingIterator                                       : loaded 2 times (x 70B)
Class kotlin.collections.ArraysKt__ArraysJVMKt                                        : loaded 2 times (x 71B)
Class com.google.common.collect.MapMakerInternalMap$InternalEntryHelper               : loaded 2 times (x 70B)
Class com.google.common.collect.Table                                                 : loaded 2 times (x 70B)
Class com.google.common.reflect.Types$JavaVersion$4                                   : loaded 2 times (x 83B)
Class com.google.common.collect.Maps$IteratorBasedAbstractMap                         : loaded 2 times (x 125B)
Class com.google.common.base.Joiner$2                                                 : loaded 2 times (x 79B)
Class org.objectweb.asm.Frame                                                         : loaded 2 times (x 73B)
Class org.objectweb.asm.MethodVisitor                                                 : loaded 2 times (x 105B)
Class com.google.common.base.CharMatcher$NamedFastMatcher                             : loaded 2 times (x 112B)
Class com.google.common.base.CharMatcher$1                                            : loaded 2 times (x 113B)
Class com.google.common.cache.LocalCache$EntryFactory$1                               : loaded 2 times (x 83B)
Class [Lcom.google.common.cache.RemovalListener;                                      : loaded 2 times (x 69B)
Class kotlin.text.StringsKt__StringBuilderKt                                          : loaded 2 times (x 71B)
Class com.google.common.reflect.Types$JavaVersion$5                                   : loaded 2 times (x 71B)
Class [Lcom.google.common.reflect.Types$ClassOwnership;                               : loaded 2 times (x 69B)
Class com.google.common.cache.LocalCache$EntryFactory$2                               : loaded 2 times (x 83B)
Class kotlin.Lazy                                                                     : loaded 2 times (x 70B)
Class kotlin.NoWhenBranchMatchedException                                             : loaded 2 times (x 82B)
Class org.objectweb.asm.ModuleWriter                                                  : loaded 2 times (x 82B)
Class com.google.common.cache.LocalCache$EntryFactory$3                               : loaded 2 times (x 83B)
Class com.google.common.base.Ticker$1                                                 : loaded 2 times (x 72B)
Class com.google.common.collect.Maps$BiMapConverter                                   : loaded 2 times (x 90B)
Class com.google.common.collect.ImmutableMapEntrySet$RegularEntrySet                  : loaded 2 times (x 152B)
Class [Lkotlin.jvm.functions.Function1;                                               : loaded 2 times (x 69B)
Class com.google.common.collect.SetMultimap                                           : loaded 2 times (x 70B)
Class com.google.common.collect.ImmutableSet$Builder                                  : loaded 2 times (x 85B)
Class com.google.common.base.CharMatcher$InRange                                      : loaded 2 times (x 111B)
Class com.google.common.cache.LocalCache$EntryFactory$4                               : loaded 2 times (x 83B)
Class kotlin.sequences.ConstrainedOnceSequence                                        : loaded 2 times (x 75B)
Class com.google.common.cache.LocalCache$EntryFactory$5                               : loaded 2 times (x 83B)
Class kotlin.jvm.internal.markers.KMappedMarker                                       : loaded 2 times (x 70B)
Class kotlin.NotImplementedError                                                      : loaded 2 times (x 82B)
Class com.google.common.collect.HashMultimap                                          : loaded 2 times (x 174B)
Class com.google.common.cache.LocalCache$EntryFactory$6                               : loaded 2 times (x 83B)
Class org.gradle.internal.installation.CurrentGradleInstallationLocator               : loaded 2 times (x 71B)
Class com.google.common.collect.Maps$KeySet                                           : loaded 2 times (x 137B)
Class com.google.common.collect.ImmutableSet$EmptySetBuilderImpl                      : loaded 2 times (x 76B)
Class com.google.common.cache.LocalCache$EntryFactory$7                               : loaded 2 times (x 83B)
Class com.google.common.collect.ImmutableList                                         : loaded 2 times (x 206B)
Class org.gradle.internal.service.DefaultServiceLocator                               : loaded 2 times (x 83B)
Class com.google.common.collect.Maps$EntrySet                                         : loaded 2 times (x 136B)
Class com.google.common.cache.LocalCache$EntryFactory$8                               : loaded 2 times (x 83B)
Class com.google.common.collect.ImmutableSet$SetBuilderImpl                           : loaded 2 times (x 76B)
Class org.gradle.internal.installation.CurrentGradleInstallation                      : loaded 2 times (x 73B)
Class com.google.common.cache.CacheLoader$1                                           : loaded 2 times (x 75B)
Class com.google.common.collect.ForwardingObject                                      : loaded 2 times (x 72B)
Class com.google.common.collect.ImmutableList$SubList                                 : loaded 2 times (x 209B)
Class ijKotlinCoroutineJvmDebugInit1_cm195bt44q3i5izc2mg8taang$_run_closure1$_closure2: loaded 2 times (x 139B)
Class org.gradle.util.internal.GUtil                                                  : loaded 2 times (x 71B)
Class kotlin.io.NoSuchFileException                                                   : loaded 2 times (x 82B)
Class kotlin.collections.CollectionsKt                                                : loaded 2 times (x 71B)
Class com.google.common.io.ByteSource                                                 : loaded 2 times (x 84B)
Class com.google.common.cache.AbstractCache$StatsCounter                              : loaded 2 times (x 70B)
Class com.google.common.collect.MapMakerInternalMap$1                                 : loaded 2 times (x 83B)
Class com.google.common.reflect.Types$TypeVariableImpl                                : loaded 2 times (x 72B)
Class com.google.common.collect.Iterators$MergingIterator                             : loaded 2 times (x 81B)
Class com.google.common.collect.RegularImmutableSet                                   : loaded 2 times (x 149B)
Class org.gradle.internal.installation.GradleInstallation                             : loaded 2 times (x 75B)
Class com.google.common.base.Splitter$Strategy                                        : loaded 2 times (x 70B)
Class com.google.common.collect.Iterables                                             : loaded 2 times (x 71B)
Class org.jetbrains.kotlin.com.intellij.openapi.diagnostic.DefaultLogger              : loaded 2 times (x 100B)

---------------  S Y S T E M  ---------------

OS:
 Windows 11 , 64 bit Build 26100 (10.0.26100.8328)
OS uptime: 0 days 5:10 hours
Hyper-V role detected

CPU: total 12 (initial active 12) (6 cores per cpu, 2 threads per core) family 6 model 154 stepping 4 microcode 0x42c, cx8, cmov, fxsr, ht, mmx, 3dnowpref, sse, sse2, sse3, ssse3, sse4.1, sse4.2, popcnt, lzcnt, tsc, tscinvbit, avx, avx2, aes, erms, clmul, bmi1, bmi2, adx, sha, fma, vzeroupper, clflush, clflushopt, clwb, hv, serialize, rdtscp, rdpid, fsrm, f16c, cet_ibt, cet_ss
Processor Information for processor 0
  Max Mhz: 1700, Current Mhz: 1700, Mhz Limit: 1700
Processor Information for processor 1
  Max Mhz: 1700, Current Mhz: 1700, Mhz Limit: 1700
Processor Information for processor 2
  Max Mhz: 1700, Current Mhz: 1700, Mhz Limit: 1700
Processor Information for processor 3
  Max Mhz: 1700, Current Mhz: 1700, Mhz Limit: 1700
Processor Information for processor 4
  Max Mhz: 1700, Current Mhz: 1200, Mhz Limit: 1190
Processor Information for processor 5
  Max Mhz: 1700, Current Mhz: 1200, Mhz Limit: 1190
Processor Information for processor 6
  Max Mhz: 1700, Current Mhz: 1200, Mhz Limit: 1190
Processor Information for processor 7
  Max Mhz: 1700, Current Mhz: 1200, Mhz Limit: 1190
Processor Information for processor 8
  Max Mhz: 1700, Current Mhz: 1200, Mhz Limit: 1190
Processor Information for processor 9
  Max Mhz: 1700, Current Mhz: 1200, Mhz Limit: 1190
Processor Information for processor 10
  Max Mhz: 1700, Current Mhz: 1200, Mhz Limit: 1190
Processor Information for processor 11
  Max Mhz: 1700, Current Mhz: 1200, Mhz Limit: 1190

Memory: 4k page, system-wide physical 16069M (1655M free)
TotalPageFile size 20165M (AvailPageFile size 17M)
current process WorkingSet (physical memory assigned to process): 692M, peak: 696M
current process commit charge ("private bytes"): 769M, peak: 772M

vm_info: OpenJDK 64-Bit Server VM (21.0.10+-14961533-b1163.108) for windows-amd64 JRE (21.0.10+-14961533-b1163.108), built on 2026-03-02T19:58:50Z by "builder" with MS VC++ 16.10 / 16.11 (VS2019)

END.
